link_id,customer_trx_line_id,order_line_id,delivery_detail_id,header_id
1,1,1,2,1
2,2,2,3,1
3,3,3,4,2
4,4,4,5,2
5,5,5,6,3
6,6,6,7,4
7,7,7,8,5
8,8,8,9,5
9,9,9,10,6
10,10,10,11,7
11,11,11,12,7
12,12,12,13,8
13,13,13,14,9
14,14,14,15,9
15,15,15,16,9
16,16,16,17,10
17,17,17,18,10
18,18,18,19,11
19,19,19,20,11
20,20,20,21,12
21,21,21,22,13
22,22,22,23,14
23,23,23,24,14
24,24,24,25,15
25,25,25,26,15
26,26,26,27,15
27,27,27,28,16
28,28,28,29,16
29,29,29,30,16
30,30,30,31,17
31,31,31,32,17
32,32,32,33,18
33,33,33,34,18
34,34,34,35,19
35,35,35,36,19
36,36,36,37,19
37,37,37,38,20
38,38,38,39,20
39,39,39,40,21
40,40,40,41,22
41,41,41,42,22
42,42,42,43,23
43,43,43,44,23
44,44,44,45,23
45,45,45,46,24
46,46,46,47,25
47,47,47,48,25
48,48,48,49,25
49,49,49,50,26
50,50,50,51,26
51,51,51,52,27
52,52,52,53,27
53,53,53,54,27
54,54,54,55,28
55,55,55,56,28
56,56,56,57,29
57,57,57,58,30
58,58,58,59,30
59,59,59,60,31
60,60,60,61,32
61,61,61,62,32
62,62,62,63,33
63,63,63,64,33
64,64,64,65,34
65,65,65,66,34
66,66,66,67,35
67,67,67,68,35
68,68,68,69,35
69,69,69,70,36
70,70,70,71,36
71,71,71,72,37
72,72,72,73,37
73,73,73,74,38
74,74,74,75,38
75,75,75,76,38
76,76,76,77,39
77,77,77,78,39
78,78,78,79,39
79,79,79,80,40
80,80,80,81,40
81,81,81,82,40
82,82,82,83,41
83,83,83,84,42
84,84,84,85,42
85,85,85,86,43
86,86,86,87,43
87,87,87,88,44
88,88,88,89,44
89,89,89,90,45
90,90,90,91,45
91,91,91,92,45
92,92,92,93,46
93,93,93,94,46
94,94,94,95,46
95,95,95,96,47
96,96,96,97,47
97,97,97,98,47
98,98,98,99,48
99,99,99,100,48
100,100,100,101,49
101,101,101,102,49
102,102,102,103,50
103,103,103,104,50
104,104,104,105,50
105,105,105,106,51
106,106,106,107,52
107,107,107,108,53
108,108,108,109,53
109,109,109,110,53
110,110,110,111,54
111,111,111,112,54
112,112,112,113,55
113,113,113,114,55
114,114,114,115,56
115,115,115,116,56
116,116,116,117,57
117,117,117,118,58
118,118,118,119,58
119,119,119,120,59
120,120,120,121,59
121,121,121,122,60
122,122,122,123,60
123,123,123,124,60
124,124,124,125,61
125,125,125,126,61
126,126,126,127,62
127,127,127,128,62
128,128,128,129,63
129,129,129,130,63
130,130,130,131,63
131,131,131,132,64
132,132,132,133,64
133,133,133,134,64
134,134,134,135,65
135,135,135,136,65
136,136,136,137,65
137,137,137,138,66
138,138,138,139,67
139,139,139,140,68
140,140,140,141,68
141,141,141,142,68
142,142,142,143,69
143,143,143,144,69
144,144,144,145,69
145,145,145,146,70
146,146,146,147,70
147,147,147,148,71
148,148,148,149,71
149,149,149,150,71
150,150,150,151,72
151,151,151,152,72
152,152,152,153,73
153,153,153,154,73
154,154,154,155,74
155,155,155,156,75
156,156,156,157,75
157,157,157,158,75
158,158,158,159,76
159,159,159,160,76
160,160,160,161,76
161,161,161,162,77
162,162,162,163,78
163,163,163,164,78
164,164,164,165,78
165,165,165,166,79
166,166,166,167,79
167,167,167,168,80
168,168,168,169,80
169,169,169,170,81
170,170,170,171,81
171,171,171,172,82
172,172,172,173,82
173,173,173,174,82
174,174,174,175,83
175,175,175,176,84
176,176,176,177,85
177,177,177,178,85
178,178,178,179,85
179,179,179,180,86
180,180,180,181,87
181,181,181,182,87
182,182,182,183,87
183,183,183,184,88
184,184,184,185,88
185,185,185,186,89
186,186,186,187,89
187,187,187,188,89
188,188,188,189,90
189,189,189,190,90
190,190,190,191,91
191,191,191,192,91
192,192,192,193,91
193,193,193,194,92
194,194,194,195,92
195,195,195,196,92
196,196,196,197,93
197,197,197,198,93
198,198,198,199,93
199,199,199,200,94
200,200,200,201,94
201,201,201,202,94
202,202,202,203,95
203,203,203,204,95
204,204,204,205,96
205,205,205,206,96
206,206,206,207,97
207,207,207,208,97
208,208,208,209,97
209,209,209,210,98
210,210,210,211,98
211,211,211,212,99
212,212,212,213,99
213,213,213,214,99
214,214,214,215,100
215,215,215,216,100
216,216,216,217,100
217,217,217,218,101
218,218,218,219,102
219,219,219,220,102
220,220,220,221,103
221,221,221,222,103
222,222,222,223,104
223,223,223,224,104
224,224,224,225,104
225,225,225,226,105
226,226,226,227,105
227,227,227,228,105
228,228,228,229,106
229,229,229,230,106
230,230,230,231,107
231,231,231,232,108
232,232,232,233,108
233,233,233,234,109
234,234,234,235,109
235,235,235,236,110
236,236,236,237,110
237,237,237,238,110
238,238,238,239,111
239,239,239,240,112
240,240,240,241,112
241,241,241,242,113
242,242,242,243,114
243,243,243,244,115
244,244,244,245,115
245,245,245,246,116
246,246,246,247,117
247,247,247,248,117
248,248,248,249,117
249,249,249,250,118
250,250,250,251,118
251,251,251,252,118
252,252,252,253,119
253,253,253,254,119
254,254,254,255,120
255,255,255,256,120
256,256,256,257,120
257,257,257,258,121
258,258,258,259,121
259,259,259,260,121
260,260,260,261,122
261,261,261,262,123
262,262,262,263,123
263,263,263,264,124
264,264,264,265,124
265,265,265,266,125
266,266,266,267,126
267,267,267,268,126
268,268,268,269,127
269,269,269,270,128
270,270,270,271,129
271,271,271,272,129
272,272,272,273,129
273,273,273,274,130
274,274,274,275,131
275,275,275,276,132
276,276,276,277,133
277,277,277,278,133
278,278,278,279,133
279,279,279,280,134
280,280,280,281,135
281,281,281,282,135
282,282,282,283,136
283,283,283,284,136
284,284,284,285,136
285,285,285,286,137
286,286,286,287,137
287,287,287,288,138
288,288,288,289,138
289,289,289,290,139
290,290,290,291,139
291,291,291,292,140
292,292,292,293,141
293,293,293,294,141
294,294,294,295,141
295,295,295,296,142
296,296,296,297,143
297,297,297,298,143
298,298,298,299,144
299,299,299,300,145
300,300,300,301,146
301,301,301,302,147
302,302,302,303,147
303,303,303,304,147
304,304,304,305,148
305,305,305,306,149
306,306,306,307,150
307,307,307,308,151
308,308,308,309,151
309,309,309,310,151
310,310,310,311,152
311,311,311,312,153
312,312,312,313,153
313,313,313,314,153
314,314,314,315,154
315,315,315,316,154
316,316,316,317,155
317,317,317,318,155
318,318,318,319,155
319,319,319,320,156
320,320,320,321,156
321,321,321,322,156
322,322,322,323,157
323,323,323,324,157
324,324,324,325,158
325,325,325,326,158
326,326,326,327,159
327,327,327,328,159
328,328,328,329,159
329,329,329,330,160
330,330,330,331,161
331,331,331,332,162
332,332,332,333,162
333,333,333,334,162
334,334,334,335,163
335,335,335,336,163
336,336,336,337,164
337,337,337,338,165
338,338,338,339,165
339,339,339,340,165
340,340,340,341,166
341,341,341,342,166
342,342,342,343,167
343,343,343,344,167
344,344,344,345,168
345,345,345,346,169
346,346,346,347,170
347,347,347,348,170
348,348,348,349,170
349,349,349,350,171
350,350,350,351,172
351,351,351,352,172
352,352,352,353,172
353,353,353,354,173
354,354,354,355,174
355,355,355,356,174
356,356,356,357,175
357,357,357,358,175
358,358,358,359,176
359,359,359,360,176
360,360,360,361,176
361,361,361,362,177
362,362,362,363,178
363,363,363,364,179
364,364,364,365,179
365,365,365,366,180
366,366,366,367,181
367,367,367,368,181
368,368,368,369,181
369,369,369,370,182
370,370,370,371,182
371,371,371,372,182
372,372,372,373,183
373,373,373,374,183
374,374,374,375,184
375,375,375,376,184
376,376,376,377,185
377,377,377,378,186
378,378,378,379,186
379,379,379,380,186
380,380,380,381,187
381,381,381,382,187
382,382,382,383,187
383,383,383,384,188
384,384,384,385,188
385,385,385,386,188
386,386,386,387,189
387,387,387,388,190
388,388,388,389,190
389,389,389,390,191
390,390,390,391,191
391,391,391,392,192
392,392,392,393,193
393,393,393,394,193
394,394,394,395,193
395,395,395,396,194
396,396,396,397,194
397,397,397,398,195
398,398,398,399,196
399,399,399,400,197
400,400,400,401,197
401,401,401,402,198
402,402,402,403,198
403,403,403,404,199
404,404,404,405,200
