ae_line_id,ae_header_id,line_num,code_combination_id,entered_dr,entered_cr,accounted_dr,accounted_cr,description
1,1,1,2,28637.33,0,28637.33,0,应收发票 1
2,1,2,3,0,25342.77,0,25342.77,收入 1
3,1,3,4,0,3294.56,0,3294.56,税额 1
3,2,1,2,936.7,0,936.7,0,应收发票 2
4,2,2,3,0,828.94,0,828.94,收入 2
5,2,3,4,0,107.76,0,107.76,税额 2
5,3,1,2,571.4,0,571.4,0,应收发票 3
6,3,2,3,0,505.66,0,505.66,收入 3
7,3,3,4,0,65.74,0,65.74,税额 3
7,4,1,2,336.51,0,336.51,0,应收发票 4
8,4,2,3,0,297.8,0,297.8,收入 4
9,4,3,4,0,38.71,0,38.71,税额 4
9,5,1,2,19183.06,0,19183.06,0,应收发票 5
10,5,2,3,0,16976.16,0,16976.16,收入 5
11,5,3,4,0,2206.9,0,2206.9,税额 5
11,6,1,2,25229.84,0,25229.84,0,应收发票 6
12,6,2,3,0,22327.29,0,22327.29,收入 6
13,6,3,4,0,2902.55,0,2902.55,税额 6
13,7,1,2,11053.420000000002,0,11053.420000000002,0,应收发票 7
14,7,2,3,0,9781.79,0,9781.79,收入 7
15,7,3,4,0,1271.63,0,1271.63,税额 7
15,8,1,2,2043.8000000000002,0,2043.8000000000002,0,应收发票 8
16,8,2,3,0,1808.67,0,1808.67,收入 8
17,8,3,4,0,235.13,0,235.13,税额 8
17,9,1,2,8651.88,0,8651.88,0,应收发票 9
18,9,2,3,0,7656.53,0,7656.53,收入 9
19,9,3,4,0,995.35,0,995.35,税额 9
19,10,1,2,1538.07,0,1538.07,0,应收发票 10
20,10,2,3,0,1361.12,0,1361.12,收入 10
21,10,3,4,0,176.95,0,176.95,税额 10
21,11,1,2,2088.76,0,2088.76,0,应收发票 11
22,11,2,3,0,1848.46,0,1848.46,收入 11
23,11,3,4,0,240.3,0,240.3,税额 11
23,12,1,2,1110.44,0,1110.44,0,应收发票 12
24,12,2,3,0,982.69,0,982.69,收入 12
25,12,3,4,0,127.75,0,127.75,税额 12
25,13,1,2,4311.8,0,4311.8,0,应收发票 13
26,13,2,3,0,3815.75,0,3815.75,收入 13
27,13,3,4,0,496.05,0,496.05,税额 13
27,14,1,2,6788.75,0,6788.75,0,应收发票 14
28,14,2,3,0,6007.74,0,6007.74,收入 14
29,14,3,4,0,781.01,0,781.01,税额 14
29,15,1,2,6054.17,0,6054.17,0,应收发票 15
30,15,2,3,0,5357.67,0,5357.67,收入 15
31,15,3,4,0,696.5,0,696.5,税额 15
31,16,1,2,4233.43,0,4233.43,0,应收发票 16
32,16,2,3,0,3746.4,0,3746.4,收入 16
33,16,3,4,0,487.03,0,487.03,税额 16
33,17,1,2,12334.789999999999,0,12334.789999999999,0,应收发票 17
34,17,2,3,0,10915.74,0,10915.74,收入 17
35,17,3,4,0,1419.05,0,1419.05,税额 17
35,18,1,2,18699.17,0,18699.17,0,应收发票 18
36,18,2,3,0,16547.94,0,16547.94,收入 18
37,18,3,4,0,2151.23,0,2151.23,税额 18
37,19,1,2,5453.150000000001,0,5453.150000000001,0,应收发票 19
38,19,2,3,0,4825.8,0,4825.8,收入 19
39,19,3,4,0,627.35,0,627.35,税额 19
39,20,1,2,20583.8,0,20583.8,0,应收发票 20
40,20,2,3,0,18215.75,0,18215.75,收入 20
41,20,3,4,0,2368.05,0,2368.05,税额 20
41,21,1,2,1407.3100000000002,0,1407.3100000000002,0,应收发票 21
42,21,2,3,0,1245.41,0,1245.41,收入 21
43,21,3,4,0,161.9,0,161.9,税额 21
43,22,1,2,23786.95,0,23786.95,0,应收发票 22
44,22,2,3,0,21050.4,0,21050.4,收入 22
45,22,3,4,0,2736.55,0,2736.55,税额 22
45,23,1,2,3107.88,0,3107.88,0,应收发票 23
46,23,2,3,0,2750.34,0,2750.34,收入 23
47,23,3,4,0,357.54,0,357.54,税额 23
47,24,1,2,15094.609999999999,0,15094.609999999999,0,应收发票 24
48,24,2,3,0,13358.06,0,13358.06,收入 24
49,24,3,4,0,1736.55,0,1736.55,税额 24
49,25,1,2,7040.610000000001,0,7040.610000000001,0,应收发票 25
50,25,2,3,0,6230.63,0,6230.63,收入 25
51,25,3,4,0,809.98,0,809.98,税额 25
51,26,1,2,23741.3,0,23741.3,0,应收发票 26
52,26,2,3,0,21010.0,0,21010.0,收入 26
53,26,3,4,0,2731.3,0,2731.3,税额 26
53,27,1,2,1238.17,0,1238.17,0,应收发票 27
54,27,2,3,0,1095.73,0,1095.73,收入 27
55,27,3,4,0,142.44,0,142.44,税额 27
55,28,1,2,9894.05,0,9894.05,0,应收发票 28
56,28,2,3,0,8755.8,0,8755.8,收入 28
57,28,3,4,0,1138.25,0,1138.25,税额 28
57,29,1,2,1325.81,0,1325.81,0,应收发票 29
58,29,2,3,0,1173.28,0,1173.28,收入 29
59,29,3,4,0,152.53,0,152.53,税额 29
59,30,1,2,1109.46,0,1109.46,0,应收发票 30
60,30,2,3,0,981.82,0,981.82,收入 30
61,30,3,4,0,127.64,0,127.64,税额 30
61,31,1,2,9041.34,0,9041.34,0,应收发票 31
62,31,2,3,0,8001.19,0,8001.19,收入 31
63,31,3,4,0,1040.15,0,1040.15,税额 31
63,32,1,2,7063.68,0,7063.68,0,应收发票 32
64,32,2,3,0,6251.04,0,6251.04,收入 32
65,32,3,4,0,812.64,0,812.64,税额 32
65,33,1,2,4633.95,0,4633.95,0,应收发票 33
66,33,2,3,0,4100.84,0,4100.84,收入 33
67,33,3,4,0,533.11,0,533.11,税额 33
67,34,1,2,2163.7,0,2163.7,0,应收发票 34
68,34,2,3,0,1914.78,0,1914.78,收入 34
69,34,3,4,0,248.92,0,248.92,税额 34
69,35,1,2,7854.97,0,7854.97,0,应收发票 35
70,35,2,3,0,6951.3,0,6951.3,收入 35
71,35,3,4,0,903.67,0,903.67,税额 35
71,36,1,2,1171.72,0,1171.72,0,应收发票 36
72,36,2,3,0,1036.92,0,1036.92,收入 36
73,36,3,4,0,134.8,0,134.8,税额 36
73,37,1,2,5384.57,0,5384.57,0,应收发票 37
74,37,2,3,0,4765.11,0,4765.11,收入 37
75,37,3,4,0,619.46,0,619.46,税额 37
75,38,1,2,3222.06,0,3222.06,0,应收发票 38
76,38,2,3,0,2851.38,0,2851.38,收入 38
77,38,3,4,0,370.68,0,370.68,税额 38
77,39,1,2,4360.65,0,4360.65,0,应收发票 39
78,39,2,3,0,3858.98,0,3858.98,收入 39
79,39,3,4,0,501.67,0,501.67,税额 39
79,40,1,2,25432.199999999997,0,25432.199999999997,0,应收发票 40
80,40,2,3,0,22506.37,0,22506.37,收入 40
81,40,3,4,0,2925.83,0,2925.83,税额 40
81,41,1,2,17241.52,0,17241.52,0,应收发票 41
82,41,2,3,0,15257.98,0,15257.98,收入 41
83,41,3,4,0,1983.54,0,1983.54,税额 41
83,42,1,2,29918.7,0,29918.7,0,应收发票 42
84,42,2,3,0,26476.73,0,26476.73,收入 42
85,42,3,4,0,3441.97,0,3441.97,税额 42
85,43,1,2,5049.04,0,5049.04,0,应收发票 43
86,43,2,3,0,4468.18,0,4468.18,收入 43
87,43,3,4,0,580.86,0,580.86,税额 43
87,44,1,2,14838.31,0,14838.31,0,应收发票 44
88,44,2,3,0,13131.25,0,13131.25,收入 44
89,44,3,4,0,1707.06,0,1707.06,税额 44
89,45,1,2,3347.56,0,3347.56,0,应收发票 45
90,45,2,3,0,2962.44,0,2962.44,收入 45
91,45,3,4,0,385.12,0,385.12,税额 45
91,46,1,2,1674.8400000000001,0,1674.8400000000001,0,应收发票 46
92,46,2,3,0,1482.16,0,1482.16,收入 46
93,46,3,4,0,192.68,0,192.68,税额 46
93,47,1,2,17453.97,0,17453.97,0,应收发票 47
94,47,2,3,0,15445.99,0,15445.99,收入 47
95,47,3,4,0,2007.98,0,2007.98,税额 47
95,48,1,2,22364.87,0,22364.87,0,应收发票 48
96,48,2,3,0,19791.92,0,19791.92,收入 48
97,48,3,4,0,2572.95,0,2572.95,税额 48
97,49,1,2,5421.67,0,5421.67,0,应收发票 49
98,49,2,3,0,4797.94,0,4797.94,收入 49
99,49,3,4,0,623.73,0,623.73,税额 49
99,50,1,2,13586.85,0,13586.85,0,应收发票 50
100,50,2,3,0,12023.76,0,12023.76,收入 50
101,50,3,4,0,1563.09,0,1563.09,税额 50
101,51,1,2,3145.13,0,3145.13,0,应收发票 51
102,51,2,3,0,2783.3,0,2783.3,收入 51
103,51,3,4,0,361.83,0,361.83,税额 51
103,52,1,2,14839.35,0,14839.35,0,应收发票 52
104,52,2,3,0,13132.17,0,13132.17,收入 52
105,52,3,4,0,1707.18,0,1707.18,税额 52
105,53,1,2,3442.24,0,3442.24,0,应收发票 53
106,53,2,3,0,3046.23,0,3046.23,收入 53
107,53,3,4,0,396.01,0,396.01,税额 53
107,54,1,2,3703.83,0,3703.83,0,应收发票 54
108,54,2,3,0,3277.73,0,3277.73,收入 54
109,54,3,4,0,426.1,0,426.1,税额 54
109,55,1,2,4728.51,0,4728.51,0,应收发票 55
110,55,2,3,0,4184.52,0,4184.52,收入 55
111,55,3,4,0,543.99,0,543.99,税额 55
111,56,1,2,4032.99,0,4032.99,0,应收发票 56
112,56,2,3,0,3569.02,0,3569.02,收入 56
113,56,3,4,0,463.97,0,463.97,税额 56
113,57,1,2,9460.95,0,9460.95,0,应收发票 57
114,57,2,3,0,8372.52,0,8372.52,收入 57
115,57,3,4,0,1088.43,0,1088.43,税额 57
115,58,1,2,19900.53,0,19900.53,0,应收发票 58
116,58,2,3,0,17611.09,0,17611.09,收入 58
117,58,3,4,0,2289.44,0,2289.44,税额 58
117,59,1,2,8523.91,0,8523.91,0,应收发票 59
118,59,2,3,0,7543.28,0,7543.28,收入 59
119,59,3,4,0,980.63,0,980.63,税额 59
119,60,1,2,6683.54,0,6683.54,0,应收发票 60
120,60,2,3,0,5914.64,0,5914.64,收入 60
121,60,3,4,0,768.9,0,768.9,税额 60
121,61,1,2,6782.2,0,6782.2,0,应收发票 61
122,61,2,3,0,6001.95,0,6001.95,收入 61
123,61,3,4,0,780.25,0,780.25,税额 61
123,62,1,2,13843.34,0,13843.34,0,应收发票 62
124,62,2,3,0,12250.74,0,12250.74,收入 62
125,62,3,4,0,1592.6,0,1592.6,税额 62
125,63,1,2,1002.0699999999999,0,1002.0699999999999,0,应收发票 63
126,63,2,3,0,886.79,0,886.79,收入 63
127,63,3,4,0,115.28,0,115.28,税额 63
127,64,1,2,1999.76,0,1999.76,0,应收发票 64
128,64,2,3,0,1769.7,0,1769.7,收入 64
129,64,3,4,0,230.06,0,230.06,税额 64
129,65,1,2,8601.89,0,8601.89,0,应收发票 65
130,65,2,3,0,7612.29,0,7612.29,收入 65
131,65,3,4,0,989.6,0,989.6,税额 65
131,66,1,2,6979.42,0,6979.42,0,应收发票 66
132,66,2,3,0,6176.48,0,6176.48,收入 66
133,66,3,4,0,802.94,0,802.94,税额 66
133,67,1,2,3170.29,0,3170.29,0,应收发票 67
134,67,2,3,0,2805.57,0,2805.57,收入 67
135,67,3,4,0,364.72,0,364.72,税额 67
135,68,1,2,7739.88,0,7739.88,0,应收发票 68
136,68,2,3,0,6849.45,0,6849.45,收入 68
137,68,3,4,0,890.43,0,890.43,税额 68
137,69,1,2,10189.75,0,10189.75,0,应收发票 69
138,69,2,3,0,9017.48,0,9017.48,收入 69
139,69,3,4,0,1172.27,0,1172.27,税额 69
139,70,1,2,12502.849999999999,0,12502.849999999999,0,应收发票 70
140,70,2,3,0,11064.47,0,11064.47,收入 70
141,70,3,4,0,1438.38,0,1438.38,税额 70
141,71,1,2,3259.45,0,3259.45,0,应收发票 71
142,71,2,3,0,2884.47,0,2884.47,收入 71
143,71,3,4,0,374.98,0,374.98,税额 71
143,72,1,2,22401.63,0,22401.63,0,应收发票 72
144,72,2,3,0,19824.45,0,19824.45,收入 72
145,72,3,4,0,2577.18,0,2577.18,税额 72
145,73,1,2,15167.009999999998,0,15167.009999999998,0,应收发票 73
146,73,2,3,0,13422.13,0,13422.13,收入 73
147,73,3,4,0,1744.88,0,1744.88,税额 73
147,74,1,2,19789.33,0,19789.33,0,应收发票 74
148,74,2,3,0,17512.68,0,17512.68,收入 74
149,74,3,4,0,2276.65,0,2276.65,税额 74
149,75,1,2,5098.150000000001,0,5098.150000000001,0,应收发票 75
150,75,2,3,0,4511.64,0,4511.64,收入 75
151,75,3,4,0,586.51,0,586.51,税额 75
151,76,1,2,2670.02,0,2670.02,0,应收发票 76
152,76,2,3,0,2362.85,0,2362.85,收入 76
153,76,3,4,0,307.17,0,307.17,税额 76
153,77,1,2,10639.13,0,10639.13,0,应收发票 77
154,77,2,3,0,9415.16,0,9415.16,收入 77
155,77,3,4,0,1223.97,0,1223.97,税额 77
155,78,1,2,3209.8,0,3209.8,0,应收发票 78
156,78,2,3,0,2840.53,0,2840.53,收入 78
157,78,3,4,0,369.27,0,369.27,税额 78
157,79,1,2,1067.03,0,1067.03,0,应收发票 79
158,79,2,3,0,944.27,0,944.27,收入 79
159,79,3,4,0,122.76,0,122.76,税额 79
159,80,1,2,8313.18,0,8313.18,0,应收发票 80
160,80,2,3,0,7356.8,0,7356.8,收入 80
161,80,3,4,0,956.38,0,956.38,税额 80
161,81,1,2,8903.61,0,8903.61,0,应收发票 81
162,81,2,3,0,7879.3,0,7879.3,收入 81
163,81,3,4,0,1024.31,0,1024.31,税额 81
163,82,1,2,12444.289999999999,0,12444.289999999999,0,应收发票 82
164,82,2,3,0,11012.65,0,11012.65,收入 82
165,82,3,4,0,1431.64,0,1431.64,税额 82
165,83,1,2,15555.38,0,15555.38,0,应收发票 83
166,83,2,3,0,13765.82,0,13765.82,收入 83
167,83,3,4,0,1789.56,0,1789.56,税额 83
167,84,1,2,411.13,0,411.13,0,应收发票 84
168,84,2,3,0,363.83,0,363.83,收入 84
169,84,3,4,0,47.3,0,47.3,税额 84
169,85,1,2,26171.93,0,26171.93,0,应收发票 85
170,85,2,3,0,23161.0,0,23161.0,收入 85
171,85,3,4,0,3010.93,0,3010.93,税额 85
171,86,1,2,16599.07,0,16599.07,0,应收发票 86
172,86,2,3,0,14689.44,0,14689.44,收入 86
173,86,3,4,0,1909.63,0,1909.63,税额 86
173,87,1,2,5220.8099999999995,0,5220.8099999999995,0,应收发票 87
174,87,2,3,0,4620.19,0,4620.19,收入 87
175,87,3,4,0,600.62,0,600.62,税额 87
175,88,1,2,10826.09,0,10826.09,0,应收发票 88
176,88,2,3,0,9580.61,0,9580.61,收入 88
177,88,3,4,0,1245.48,0,1245.48,税额 88
177,89,1,2,5303.65,0,5303.65,0,应收发票 89
178,89,2,3,0,4693.5,0,4693.5,收入 89
179,89,3,4,0,610.15,0,610.15,税额 89
179,90,1,2,1370.71,0,1370.71,0,应收发票 90
180,90,2,3,0,1213.02,0,1213.02,收入 90
181,90,3,4,0,157.69,0,157.69,税额 90
181,91,1,2,30328.359999999997,0,30328.359999999997,0,应收发票 91
182,91,2,3,0,26839.26,0,26839.26,收入 91
183,91,3,4,0,3489.1,0,3489.1,税额 91
183,92,1,2,12614.6,0,12614.6,0,应收发票 92
184,92,2,3,0,11163.36,0,11163.36,收入 92
185,92,3,4,0,1451.24,0,1451.24,税额 92
185,93,1,2,23914.69,0,23914.69,0,应收发票 93
186,93,2,3,0,21163.44,0,21163.44,收入 93
187,93,3,4,0,2751.25,0,2751.25,税额 93
187,94,1,2,15140.369999999999,0,15140.369999999999,0,应收发票 94
188,94,2,3,0,13398.56,0,13398.56,收入 94
189,94,3,4,0,1741.81,0,1741.81,税额 94
189,95,1,2,3323.65,0,3323.65,0,应收发票 95
190,95,2,3,0,2941.28,0,2941.28,收入 95
191,95,3,4,0,382.37,0,382.37,税额 95
191,96,1,2,37963.8,0,37963.8,0,应收发票 96
192,96,2,3,0,33596.28,0,33596.28,收入 96
193,96,3,4,0,4367.52,0,4367.52,税额 96
193,97,1,2,3747.94,0,3747.94,0,应收发票 97
194,97,2,3,0,3316.76,0,3316.76,收入 97
195,97,3,4,0,431.18,0,431.18,税额 97
195,98,1,2,3937.0099999999998,0,3937.0099999999998,0,应收发票 98
196,98,2,3,0,3484.08,0,3484.08,收入 98
197,98,3,4,0,452.93,0,452.93,税额 98
197,99,1,2,616.7,0,616.7,0,应收发票 99
198,99,2,3,0,545.75,0,545.75,收入 99
199,99,3,4,0,70.95,0,70.95,税额 99
199,100,1,2,8328.76,0,8328.76,0,应收发票 100
200,100,2,3,0,7370.58,0,7370.58,收入 100
201,100,3,4,0,958.18,0,958.18,税额 100
201,101,1,2,2712.88,0,2712.88,0,应收发票 101
202,101,2,3,0,2400.78,0,2400.78,收入 101
203,101,3,4,0,312.1,0,312.1,税额 101
203,102,1,2,1295.13,0,1295.13,0,应收发票 102
204,102,2,3,0,1146.13,0,1146.13,收入 102
205,102,3,4,0,149.0,0,149.0,税额 102
205,103,1,2,7942.780000000001,0,7942.780000000001,0,应收发票 103
206,103,2,3,0,7029.01,0,7029.01,收入 103
207,103,3,4,0,913.77,0,913.77,税额 103
207,104,1,2,27569.57,0,27569.57,0,应收发票 104
208,104,2,3,0,24397.85,0,24397.85,收入 104
209,104,3,4,0,3171.72,0,3171.72,税额 104
209,105,1,2,497.18,0,497.18,0,应收发票 105
210,105,2,3,0,439.98,0,439.98,收入 105
211,105,3,4,0,57.2,0,57.2,税额 105
211,106,1,2,11907.25,0,11907.25,0,应收发票 106
212,106,2,3,0,10537.39,0,10537.39,收入 106
213,106,3,4,0,1369.86,0,1369.86,税额 106
213,107,1,2,6056.16,0,6056.16,0,应收发票 107
214,107,2,3,0,5359.43,0,5359.43,收入 107
215,107,3,4,0,696.73,0,696.73,税额 107
215,108,1,2,3918.41,0,3918.41,0,应收发票 108
216,108,2,3,0,3467.62,0,3467.62,收入 108
217,108,3,4,0,450.79,0,450.79,税额 108
217,109,1,2,11277.21,0,11277.21,0,应收发票 109
218,109,2,3,0,9979.83,0,9979.83,收入 109
219,109,3,4,0,1297.38,0,1297.38,税额 109
219,110,1,2,4010.62,0,4010.62,0,应收发票 110
220,110,2,3,0,3549.22,0,3549.22,收入 110
221,110,3,4,0,461.4,0,461.4,税额 110
221,111,1,2,2034.6599999999999,0,2034.6599999999999,0,应收发票 111
222,111,2,3,0,1800.58,0,1800.58,收入 111
223,111,3,4,0,234.08,0,234.08,税额 111
223,112,1,2,26931.95,0,26931.95,0,应收发票 112
224,112,2,3,0,23833.58,0,23833.58,收入 112
225,112,3,4,0,3098.37,0,3098.37,税额 112
225,113,1,2,698.92,0,698.92,0,应收发票 113
226,113,2,3,0,618.51,0,618.51,收入 113
227,113,3,4,0,80.41,0,80.41,税额 113
227,114,1,2,762.77,0,762.77,0,应收发票 114
228,114,2,3,0,675.02,0,675.02,收入 114
229,114,3,4,0,87.75,0,87.75,税额 114
229,115,1,2,1792.8,0,1792.8,0,应收发票 115
230,115,2,3,0,1586.55,0,1586.55,收入 115
231,115,3,4,0,206.25,0,206.25,税额 115
231,116,1,2,22108.359999999997,0,22108.359999999997,0,应收发票 116
232,116,2,3,0,19564.92,0,19564.92,收入 116
233,116,3,4,0,2543.44,0,2543.44,税额 116
233,117,1,2,18551.35,0,18551.35,0,应收发票 117
234,117,2,3,0,16417.12,0,16417.12,收入 117
235,117,3,4,0,2134.23,0,2134.23,税额 117
235,118,1,2,18662.58,0,18662.58,0,应收发票 118
236,118,2,3,0,16515.56,0,16515.56,收入 118
237,118,3,4,0,2147.02,0,2147.02,税额 118
237,119,1,2,16497.760000000002,0,16497.760000000002,0,应收发票 119
238,119,2,3,0,14599.79,0,14599.79,收入 119
239,119,3,4,0,1897.97,0,1897.97,税额 119
239,120,1,2,3552.0499999999997,0,3552.0499999999997,0,应收发票 120
240,120,2,3,0,3143.41,0,3143.41,收入 120
241,120,3,4,0,408.64,0,408.64,税额 120
241,121,1,2,1752.88,0,1752.88,0,应收发票 121
242,121,2,3,0,1551.22,0,1551.22,收入 121
243,121,3,4,0,201.66,0,201.66,税额 121
243,122,1,2,1603.84,0,1603.84,0,应收发票 122
244,122,2,3,0,1419.33,0,1419.33,收入 122
245,122,3,4,0,184.51,0,184.51,税额 122
245,123,1,2,23240.989999999998,0,23240.989999999998,0,应收发票 123
246,123,2,3,0,20567.25,0,20567.25,收入 123
247,123,3,4,0,2673.74,0,2673.74,税额 123
247,124,1,2,5050.93,0,5050.93,0,应收发票 124
248,124,2,3,0,4469.85,0,4469.85,收入 124
249,124,3,4,0,581.08,0,581.08,税额 124
249,125,1,2,5767.92,0,5767.92,0,应收发票 125
250,125,2,3,0,5104.35,0,5104.35,收入 125
251,125,3,4,0,663.57,0,663.57,税额 125
251,126,1,2,787.5600000000001,0,787.5600000000001,0,应收发票 126
252,126,2,3,0,696.96,0,696.96,收入 126
253,126,3,4,0,90.6,0,90.6,税额 126
253,127,1,2,19196.670000000002,0,19196.670000000002,0,应收发票 127
254,127,2,3,0,16988.2,0,16988.2,收入 127
255,127,3,4,0,2208.47,0,2208.47,税额 127
255,128,1,2,404.61,0,404.61,0,应收发票 128
256,128,2,3,0,358.06,0,358.06,收入 128
257,128,3,4,0,46.55,0,46.55,税额 128
257,129,1,2,1150.5700000000002,0,1150.5700000000002,0,应收发票 129
258,129,2,3,0,1018.2,0,1018.2,收入 129
259,129,3,4,0,132.37,0,132.37,税额 129
259,130,1,2,12881.53,0,12881.53,0,应收发票 130
260,130,2,3,0,11399.58,0,11399.58,收入 130
261,130,3,4,0,1481.95,0,1481.95,税额 130
261,131,1,2,15982.53,0,15982.53,0,应收发票 131
262,131,2,3,0,14143.83,0,14143.83,收入 131
263,131,3,4,0,1838.7,0,1838.7,税额 131
263,132,1,2,18285.64,0,18285.64,0,应收发票 132
264,132,2,3,0,16181.98,0,16181.98,收入 132
265,132,3,4,0,2103.66,0,2103.66,税额 132
265,133,1,2,22777.239999999998,0,22777.239999999998,0,应收发票 133
266,133,2,3,0,20156.85,0,20156.85,收入 133
267,133,3,4,0,2620.39,0,2620.39,税额 133
267,134,1,2,25865.97,0,25865.97,0,应收发票 134
268,134,2,3,0,22890.24,0,22890.24,收入 134
269,134,3,4,0,2975.73,0,2975.73,税额 134
269,135,1,2,1910.72,0,1910.72,0,应收发票 135
270,135,2,3,0,1690.9,0,1690.9,收入 135
271,135,3,4,0,219.82,0,219.82,税额 135
271,136,1,2,743.9000000000001,0,743.9000000000001,0,应收发票 136
272,136,2,3,0,658.32,0,658.32,收入 136
273,136,3,4,0,85.58,0,85.58,税额 136
273,137,1,2,6282.39,0,6282.39,0,应收发票 137
274,137,2,3,0,5559.64,0,5559.64,收入 137
275,137,3,4,0,722.75,0,722.75,税额 137
275,138,1,2,15424.78,0,15424.78,0,应收发票 138
276,138,2,3,0,13650.25,0,13650.25,收入 138
277,138,3,4,0,1774.53,0,1774.53,税额 138
277,139,1,2,12876.85,0,12876.85,0,应收发票 139
278,139,2,3,0,11395.44,0,11395.44,收入 139
279,139,3,4,0,1481.41,0,1481.41,税额 139
279,140,1,2,25787.559999999998,0,25787.559999999998,0,应收发票 140
280,140,2,3,0,22820.85,0,22820.85,收入 140
281,140,3,4,0,2966.71,0,2966.71,税额 140
281,141,1,2,21151.44,0,21151.44,0,应收发票 141
282,141,2,3,0,18718.09,0,18718.09,收入 141
283,141,3,4,0,2433.35,0,2433.35,税额 141
283,142,1,2,22769.14,0,22769.14,0,应收发票 142
284,142,2,3,0,20149.68,0,20149.68,收入 142
285,142,3,4,0,2619.46,0,2619.46,税额 142
285,143,1,2,27332.95,0,27332.95,0,应收发票 143
286,143,2,3,0,24188.45,0,24188.45,收入 143
287,143,3,4,0,3144.5,0,3144.5,税额 143
287,144,1,2,27069.21,0,27069.21,0,应收发票 144
288,144,2,3,0,23955.05,0,23955.05,收入 144
289,144,3,4,0,3114.16,0,3114.16,税额 144
289,145,1,2,1742.2,0,1742.2,0,应收发票 145
290,145,2,3,0,1541.77,0,1541.77,收入 145
291,145,3,4,0,200.43,0,200.43,税额 145
291,146,1,2,14195.92,0,14195.92,0,应收发票 146
292,146,2,3,0,12562.76,0,12562.76,收入 146
293,146,3,4,0,1633.16,0,1633.16,税额 146
293,147,1,2,19665.460000000003,0,19665.460000000003,0,应收发票 147
294,147,2,3,0,17403.06,0,17403.06,收入 147
295,147,3,4,0,2262.4,0,2262.4,税额 147
295,148,1,2,11750.21,0,11750.21,0,应收发票 148
296,148,2,3,0,10398.42,0,10398.42,收入 148
297,148,3,4,0,1351.79,0,1351.79,税额 148
297,149,1,2,2828.5299999999997,0,2828.5299999999997,0,应收发票 149
298,149,2,3,0,2503.12,0,2503.12,收入 149
299,149,3,4,0,325.41,0,325.41,税额 149
299,150,1,2,4869.4,0,4869.4,0,应收发票 150
300,150,2,3,0,4309.2,0,4309.2,收入 150
301,150,3,4,0,560.2,0,560.2,税额 150
301,151,1,2,16259.800000000001,0,16259.800000000001,0,应收发票 151
302,151,2,3,0,14389.2,0,14389.2,收入 151
303,151,3,4,0,1870.6,0,1870.6,税额 151
303,152,1,2,1641.9099999999999,0,1641.9099999999999,0,应收发票 152
304,152,2,3,0,1453.02,0,1453.02,收入 152
305,152,3,4,0,188.89,0,188.89,税额 152
305,153,1,2,6331.57,0,6331.57,0,应收发票 153
306,153,2,3,0,5603.16,0,5603.16,收入 153
307,153,3,4,0,728.41,0,728.41,税额 153
307,154,1,2,591.06,0,591.06,0,应收发票 154
308,154,2,3,0,523.06,0,523.06,收入 154
309,154,3,4,0,68.0,0,68.0,税额 154
309,155,1,2,1115.85,0,1115.85,0,应收发票 155
310,155,2,3,0,987.48,0,987.48,收入 155
311,155,3,4,0,128.37,0,128.37,税额 155
311,156,1,2,15555.34,0,15555.34,0,应收发票 156
312,156,2,3,0,13765.79,0,13765.79,收入 156
313,156,3,4,0,1789.55,0,1789.55,税额 156
313,157,1,2,993.55,0,993.55,0,应收发票 157
314,157,2,3,0,879.25,0,879.25,收入 157
315,157,3,4,0,114.3,0,114.3,税额 157
315,158,1,2,9601.869999999999,0,9601.869999999999,0,应收发票 158
316,158,2,3,0,8497.23,0,8497.23,收入 158
317,158,3,4,0,1104.64,0,1104.64,税额 158
317,159,1,2,34153.71,0,34153.71,0,应收发票 159
318,159,2,3,0,30224.52,0,30224.52,收入 159
319,159,3,4,0,3929.19,0,3929.19,税额 159
319,160,1,2,2493.54,0,2493.54,0,应收发票 160
320,160,2,3,0,2206.67,0,2206.67,收入 160
321,160,3,4,0,286.87,0,286.87,税额 160
321,161,1,2,1266.96,0,1266.96,0,应收发票 161
322,161,2,3,0,1121.2,0,1121.2,收入 161
323,161,3,4,0,145.76,0,145.76,税额 161
323,162,1,2,4002.13,0,4002.13,0,应收发票 162
324,162,2,3,0,3541.71,0,3541.71,收入 162
325,162,3,4,0,460.42,0,460.42,税额 162
325,163,1,2,17521.36,0,17521.36,0,应收发票 163
326,163,2,3,0,15505.63,0,15505.63,收入 163
327,163,3,4,0,2015.73,0,2015.73,税额 163
327,164,1,2,2529.79,0,2529.79,0,应收发票 164
328,164,2,3,0,2238.75,0,2238.75,收入 164
329,164,3,4,0,291.04,0,291.04,税额 164
329,165,1,2,10964.25,0,10964.25,0,应收发票 165
330,165,2,3,0,9702.88,0,9702.88,收入 165
331,165,3,4,0,1261.37,0,1261.37,税额 165
331,166,1,2,7465.58,0,7465.58,0,应收发票 166
332,166,2,3,0,6606.71,0,6606.71,收入 166
333,166,3,4,0,858.87,0,858.87,税额 166
333,167,1,2,12105.86,0,12105.86,0,应收发票 167
334,167,2,3,0,10713.15,0,10713.15,收入 167
335,167,3,4,0,1392.71,0,1392.71,税额 167
335,168,1,2,7989.25,0,7989.25,0,应收发票 168
336,168,2,3,0,7070.13,0,7070.13,收入 168
337,168,3,4,0,919.12,0,919.12,税额 168
337,169,1,2,2604.3599999999997,0,2604.3599999999997,0,应收发票 169
338,169,2,3,0,2304.74,0,2304.74,收入 169
339,169,3,4,0,299.62,0,299.62,税额 169
339,170,1,2,19692.98,0,19692.98,0,应收发票 170
340,170,2,3,0,17427.42,0,17427.42,收入 170
341,170,3,4,0,2265.56,0,2265.56,税额 170
341,171,1,2,18318.850000000002,0,18318.850000000002,0,应收发票 171
342,171,2,3,0,16211.37,0,16211.37,收入 171
343,171,3,4,0,2107.48,0,2107.48,税额 171
343,172,1,2,4414.12,0,4414.12,0,应收发票 172
344,172,2,3,0,3906.3,0,3906.3,收入 172
345,172,3,4,0,507.82,0,507.82,税额 172
345,173,1,2,12073.259999999998,0,12073.259999999998,0,应收发票 173
346,173,2,3,0,10684.3,0,10684.3,收入 173
347,173,3,4,0,1388.96,0,1388.96,税额 173
347,174,1,2,1295.13,0,1295.13,0,应收发票 174
348,174,2,3,0,1146.13,0,1146.13,收入 174
349,174,3,4,0,149.0,0,149.0,税额 174
349,175,1,2,39155.16,0,39155.16,0,应收发票 175
350,175,2,3,0,34650.58,0,34650.58,收入 175
351,175,3,4,0,4504.58,0,4504.58,税额 175
351,176,1,2,13906.55,0,13906.55,0,应收发票 176
352,176,2,3,0,12306.68,0,12306.68,收入 176
353,176,3,4,0,1599.87,0,1599.87,税额 176
353,177,1,2,3251.01,0,3251.01,0,应收发票 177
354,177,2,3,0,2877.0,0,2877.0,收入 177
355,177,3,4,0,374.01,0,374.01,税额 177
355,178,1,2,20159.44,0,20159.44,0,应收发票 178
356,178,2,3,0,17840.21,0,17840.21,收入 178
357,178,3,4,0,2319.23,0,2319.23,税额 178
357,179,1,2,206.08,0,206.08,0,应收发票 179
358,179,2,3,0,182.37,0,182.37,收入 179
359,179,3,4,0,23.71,0,23.71,税额 179
359,180,1,2,11238.7,0,11238.7,0,应收发票 180
360,180,2,3,0,9945.75,0,9945.75,收入 180
361,180,3,4,0,1292.95,0,1292.95,税额 180
361,181,1,2,21387.63,0,21387.63,0,应收发票 181
362,181,2,3,0,18927.11,0,18927.11,收入 181
363,181,3,4,0,2460.52,0,2460.52,税额 181
363,182,1,2,1946.27,0,1946.27,0,应收发票 182
364,182,2,3,0,1722.36,0,1722.36,收入 182
365,182,3,4,0,223.91,0,223.91,税额 182
365,183,1,2,13481.320000000002,0,13481.320000000002,0,应收发票 183
366,183,2,3,0,11930.37,0,11930.37,收入 183
367,183,3,4,0,1550.95,0,1550.95,税额 183
367,184,1,2,20436.890000000003,0,20436.890000000003,0,应收发票 184
368,184,2,3,0,18085.74,0,18085.74,收入 184
369,184,3,4,0,2351.15,0,2351.15,税额 184
369,185,1,2,4303.2300000000005,0,4303.2300000000005,0,应收发票 185
370,185,2,3,0,3808.17,0,3808.17,收入 185
371,185,3,4,0,495.06,0,495.06,税额 185
371,186,1,2,2515.1,0,2515.1,0,应收发票 186
372,186,2,3,0,2225.75,0,2225.75,收入 186
373,186,3,4,0,289.35,0,289.35,税额 186
373,187,1,2,6429.87,0,6429.87,0,应收发票 187
374,187,2,3,0,5690.15,0,5690.15,收入 187
375,187,3,4,0,739.72,0,739.72,税额 187
375,188,1,2,14191.42,0,14191.42,0,应收发票 188
376,188,2,3,0,12558.78,0,12558.78,收入 188
377,188,3,4,0,1632.64,0,1632.64,税额 188
377,189,1,2,18872.37,0,18872.37,0,应收发票 189
378,189,2,3,0,16701.21,0,16701.21,收入 189
379,189,3,4,0,2171.16,0,2171.16,税额 189
379,190,1,2,1706.1,0,1706.1,0,应收发票 190
380,190,2,3,0,1509.82,0,1509.82,收入 190
381,190,3,4,0,196.28,0,196.28,税额 190
381,191,1,2,3713.55,0,3713.55,0,应收发票 191
382,191,2,3,0,3286.33,0,3286.33,收入 191
383,191,3,4,0,427.22,0,427.22,税额 191
383,192,1,2,8767.44,0,8767.44,0,应收发票 192
384,192,2,3,0,7758.8,0,7758.8,收入 192
385,192,3,4,0,1008.64,0,1008.64,税额 192
385,193,1,2,19741.350000000002,0,19741.350000000002,0,应收发票 193
386,193,2,3,0,17470.22,0,17470.22,收入 193
387,193,3,4,0,2271.13,0,2271.13,税额 193
387,194,1,2,38313.43,0,38313.43,0,应收发票 194
388,194,2,3,0,33905.69,0,33905.69,收入 194
389,194,3,4,0,4407.74,0,4407.74,税额 194
389,195,1,2,3587.89,0,3587.89,0,应收发票 195
390,195,2,3,0,3175.12,0,3175.12,收入 195
391,195,3,4,0,412.77,0,412.77,税额 195
391,196,1,2,13398.09,0,13398.09,0,应收发票 196
392,196,2,3,0,11856.72,0,11856.72,收入 196
393,196,3,4,0,1541.37,0,1541.37,税额 196
393,197,1,2,2934.34,0,2934.34,0,应收发票 197
394,197,2,3,0,2596.76,0,2596.76,收入 197
395,197,3,4,0,337.58,0,337.58,税额 197
395,198,1,2,9476.06,0,9476.06,0,应收发票 198
396,198,2,3,0,8385.89,0,8385.89,收入 198
397,198,3,4,0,1090.17,0,1090.17,税额 198
397,199,1,2,20731.239999999998,0,20731.239999999998,0,应收发票 199
398,199,2,3,0,18346.23,0,18346.23,收入 199
399,199,3,4,0,2385.01,0,2385.01,税额 199
399,200,1,2,1409.02,0,1409.02,0,应收发票 200
400,200,2,3,0,1246.92,0,1246.92,收入 200
401,200,3,4,0,162.1,0,162.1,税额 200
401,201,1,2,20569.11,0,20569.11,0,应收发票 201
402,201,2,3,0,18202.75,0,18202.75,收入 201
403,201,3,4,0,2366.36,0,2366.36,税额 201
403,202,1,2,20067.41,0,20067.41,0,应收发票 202
404,202,2,3,0,17758.77,0,17758.77,收入 202
405,202,3,4,0,2308.64,0,2308.64,税额 202
405,203,1,2,3700.1499999999996,0,3700.1499999999996,0,应收发票 203
406,203,2,3,0,3274.47,0,3274.47,收入 203
407,203,3,4,0,425.68,0,425.68,税额 203
407,204,1,2,23537.85,0,23537.85,0,应收发票 204
408,204,2,3,0,20829.96,0,20829.96,收入 204
409,204,3,4,0,2707.89,0,2707.89,税额 204
409,205,1,2,2619.81,0,2619.81,0,应收发票 205
410,205,2,3,0,2318.42,0,2318.42,收入 205
411,205,3,4,0,301.39,0,301.39,税额 205
411,206,1,2,580.89,0,580.89,0,应收发票 206
412,206,2,3,0,514.06,0,514.06,收入 206
413,206,3,4,0,66.83,0,66.83,税额 206
413,207,1,2,4569.04,0,4569.04,0,应收发票 207
414,207,2,3,0,4043.4,0,4043.4,收入 207
415,207,3,4,0,525.64,0,525.64,税额 207
415,208,1,2,2955.3100000000004,0,2955.3100000000004,0,应收发票 208
416,208,2,3,0,2615.32,0,2615.32,收入 208
417,208,3,4,0,339.99,0,339.99,税额 208
417,209,1,2,1821.45,0,1821.45,0,应收发票 209
418,209,2,3,0,1611.9,0,1611.9,收入 209
419,209,3,4,0,209.55,0,209.55,税额 209
419,210,1,2,3874.09,0,3874.09,0,应收发票 210
420,210,2,3,0,3428.4,0,3428.4,收入 210
421,210,3,4,0,445.69,0,445.69,税额 210
421,211,1,2,15102.33,0,15102.33,0,应收发票 211
422,211,2,3,0,13364.89,0,13364.89,收入 211
423,211,3,4,0,1737.44,0,1737.44,税额 211
423,212,1,2,23840.69,0,23840.69,0,应收发票 212
424,212,2,3,0,21097.96,0,21097.96,收入 212
425,212,3,4,0,2742.73,0,2742.73,税额 212
425,213,1,2,29174.79,0,29174.79,0,应收发票 213
426,213,2,3,0,25818.4,0,25818.4,收入 213
427,213,3,4,0,3356.39,0,3356.39,税额 213
427,214,1,2,5889.110000000001,0,5889.110000000001,0,应收发票 214
428,214,2,3,0,5211.6,0,5211.6,收入 214
429,214,3,4,0,677.51,0,677.51,税额 214
429,215,1,2,24206.589999999997,0,24206.589999999997,0,应收发票 215
430,215,2,3,0,21421.76,0,21421.76,收入 215
431,215,3,4,0,2784.83,0,2784.83,税额 215
431,216,1,2,29607.02,0,29607.02,0,应收发票 216
432,216,2,3,0,26200.9,0,26200.9,收入 216
433,216,3,4,0,3406.12,0,3406.12,税额 216
433,217,1,2,23977.14,0,23977.14,0,应收发票 217
434,217,2,3,0,21218.71,0,21218.71,收入 217
435,217,3,4,0,2758.43,0,2758.43,税额 217
435,218,1,2,11502.91,0,11502.91,0,应收发票 218
436,218,2,3,0,10179.57,0,10179.57,收入 218
437,218,3,4,0,1323.34,0,1323.34,税额 218
437,219,1,2,1543.9299999999998,0,1543.9299999999998,0,应收发票 219
438,219,2,3,0,1366.31,0,1366.31,收入 219
439,219,3,4,0,177.62,0,177.62,税额 219
439,220,1,2,3248.3399999999997,0,3248.3399999999997,0,应收发票 220
440,220,2,3,0,2874.64,0,2874.64,收入 220
441,220,3,4,0,373.7,0,373.7,税额 220
441,221,1,2,5814.1900000000005,0,5814.1900000000005,0,应收发票 221
442,221,2,3,0,5145.3,0,5145.3,收入 221
443,221,3,4,0,668.89,0,668.89,税额 221
443,222,1,2,12466.109999999999,0,12466.109999999999,0,应收发票 222
444,222,2,3,0,11031.96,0,11031.96,收入 222
445,222,3,4,0,1434.15,0,1434.15,税额 222
445,223,1,2,12451.310000000001,0,12451.310000000001,0,应收发票 223
446,223,2,3,0,11018.86,0,11018.86,收入 223
447,223,3,4,0,1432.45,0,1432.45,税额 223
447,224,1,2,1372.23,0,1372.23,0,应收发票 224
448,224,2,3,0,1214.36,0,1214.36,收入 224
449,224,3,4,0,157.87,0,157.87,税额 224
449,225,1,2,11310.85,0,11310.85,0,应收发票 225
450,225,2,3,0,10009.6,0,10009.6,收入 225
451,225,3,4,0,1301.25,0,1301.25,税额 225
451,226,1,2,23170.21,0,23170.21,0,应收发票 226
452,226,2,3,0,20504.61,0,20504.61,收入 226
453,226,3,4,0,2665.6,0,2665.6,税额 226
453,227,1,2,1005.8100000000001,0,1005.8100000000001,0,应收发票 227
454,227,2,3,0,890.1,0,890.1,收入 227
455,227,3,4,0,115.71,0,115.71,税额 227
455,228,1,2,12607.68,0,12607.68,0,应收发票 228
456,228,2,3,0,11157.24,0,11157.24,收入 228
457,228,3,4,0,1450.44,0,1450.44,税额 228
457,229,1,2,15164.179999999998,0,15164.179999999998,0,应收发票 229
458,229,2,3,0,13419.63,0,13419.63,收入 229
459,229,3,4,0,1744.55,0,1744.55,税额 229
459,230,1,2,12052.369999999999,0,12052.369999999999,0,应收发票 230
460,230,2,3,0,10665.81,0,10665.81,收入 230
461,230,3,4,0,1386.56,0,1386.56,税额 230
461,231,1,2,16414.329999999998,0,16414.329999999998,0,应收发票 231
462,231,2,3,0,14525.96,0,14525.96,收入 231
463,231,3,4,0,1888.37,0,1888.37,税额 231
463,232,1,2,15382.0,0,15382.0,0,应收发票 232
464,232,2,3,0,13612.39,0,13612.39,收入 232
465,232,3,4,0,1769.61,0,1769.61,税额 232
465,233,1,2,3515.15,0,3515.15,0,应收发票 233
466,233,2,3,0,3110.75,0,3110.75,收入 233
467,233,3,4,0,404.4,0,404.4,税额 233
467,234,1,2,35344.86,0,35344.86,0,应收发票 234
468,234,2,3,0,31278.64,0,31278.64,收入 234
469,234,3,4,0,4066.22,0,4066.22,税额 234
469,235,1,2,3006.77,0,3006.77,0,应收发票 235
470,235,2,3,0,2660.86,0,2660.86,收入 235
471,235,3,4,0,345.91,0,345.91,税额 235
471,236,1,2,4018.57,0,4018.57,0,应收发票 236
472,236,2,3,0,3556.26,0,3556.26,收入 236
473,236,3,4,0,462.31,0,462.31,税额 236
473,237,1,2,7431.22,0,7431.22,0,应收发票 237
474,237,2,3,0,6576.3,0,6576.3,收入 237
475,237,3,4,0,854.92,0,854.92,税额 237
475,238,1,2,5886.379999999999,0,5886.379999999999,0,应收发票 238
476,238,2,3,0,5209.19,0,5209.19,收入 238
477,238,3,4,0,677.19,0,677.19,税额 238
477,239,1,2,2719.54,0,2719.54,0,应收发票 239
478,239,2,3,0,2406.67,0,2406.67,收入 239
479,239,3,4,0,312.87,0,312.87,税额 239
479,240,1,2,23519.350000000002,0,23519.350000000002,0,应收发票 240
480,240,2,3,0,20813.58,0,20813.58,收入 240
481,240,3,4,0,2705.77,0,2705.77,税额 240
481,241,1,2,17606.0,0,17606.0,0,应收发票 241
482,241,2,3,0,15580.53,0,15580.53,收入 241
483,241,3,4,0,2025.47,0,2025.47,税额 241
483,242,1,2,1499.82,0,1499.82,0,应收发票 242
484,242,2,3,0,1327.27,0,1327.27,收入 242
485,242,3,4,0,172.55,0,172.55,税额 242
485,243,1,2,387.23,0,387.23,0,应收发票 243
486,243,2,3,0,342.68,0,342.68,收入 243
487,243,3,4,0,44.55,0,44.55,税额 243
487,244,1,2,10514.94,0,10514.94,0,应收发票 244
488,244,2,3,0,9305.26,0,9305.26,收入 244
489,244,3,4,0,1209.68,0,1209.68,税额 244
489,245,1,2,3824.71,0,3824.71,0,应收发票 245
490,245,2,3,0,3384.7,0,3384.7,收入 245
491,245,3,4,0,440.01,0,440.01,税额 245
491,246,1,2,18676.97,0,18676.97,0,应收发票 246
492,246,2,3,0,16528.29,0,16528.29,收入 246
493,246,3,4,0,2148.68,0,2148.68,税额 246
493,247,1,2,7017.79,0,7017.79,0,应收发票 247
494,247,2,3,0,6210.43,0,6210.43,收入 247
495,247,3,4,0,807.36,0,807.36,税额 247
495,248,1,2,3291.7200000000003,0,3291.7200000000003,0,应收发票 248
496,248,2,3,0,2913.03,0,2913.03,收入 248
497,248,3,4,0,378.69,0,378.69,税额 248
497,249,1,2,676.03,0,676.03,0,应收发票 249
498,249,2,3,0,598.26,0,598.26,收入 249
499,249,3,4,0,77.77,0,77.77,税额 249
499,250,1,2,7433.42,0,7433.42,0,应收发票 250
500,250,2,3,0,6578.25,0,6578.25,收入 250
501,250,3,4,0,855.17,0,855.17,税额 250
501,251,1,2,21394.969999999998,0,21394.969999999998,0,应收发票 251
502,251,2,3,0,18933.6,0,18933.6,收入 251
503,251,3,4,0,2461.37,0,2461.37,税额 251
503,252,1,2,11890.36,0,11890.36,0,应收发票 252
504,252,2,3,0,10522.44,0,10522.44,收入 252
505,252,3,4,0,1367.92,0,1367.92,税额 252
505,253,1,2,1409.02,0,1409.02,0,应收发票 253
506,253,2,3,0,1246.92,0,1246.92,收入 253
507,253,3,4,0,162.1,0,162.1,税额 253
507,254,1,2,17448.54,0,17448.54,0,应收发票 254
508,254,2,3,0,15441.19,0,15441.19,收入 254
509,254,3,4,0,2007.35,0,2007.35,税额 254
509,255,1,2,1457.0,0,1457.0,0,应收发票 255
510,255,2,3,0,1289.38,0,1289.38,收入 255
511,255,3,4,0,167.62,0,167.62,税额 255
511,256,1,2,4050.5600000000004,0,4050.5600000000004,0,应收发票 256
512,256,2,3,0,3584.57,0,3584.57,收入 256
513,256,3,4,0,465.99,0,465.99,税额 256
513,257,1,2,1870.15,0,1870.15,0,应收发票 257
514,257,2,3,0,1655.0,0,1655.0,收入 257
515,257,3,4,0,215.15,0,215.15,税额 257
515,258,1,2,25953.78,0,25953.78,0,应收发票 258
516,258,2,3,0,22967.95,0,22967.95,收入 258
517,258,3,4,0,2985.83,0,2985.83,税额 258
517,259,1,2,18847.969999999998,0,18847.969999999998,0,应收发票 259
518,259,2,3,0,16679.62,0,16679.62,收入 259
519,259,3,4,0,2168.35,0,2168.35,税额 259
519,260,1,2,1420.25,0,1420.25,0,应收发票 260
520,260,2,3,0,1256.86,0,1256.86,收入 260
521,260,3,4,0,163.39,0,163.39,税额 260
521,261,1,2,22144.920000000002,0,22144.920000000002,0,应收发票 261
522,261,2,3,0,19597.27,0,19597.27,收入 261
523,261,3,4,0,2547.65,0,2547.65,税额 261
523,262,1,2,26147.010000000002,0,26147.010000000002,0,应收发票 262
524,262,2,3,0,23138.95,0,23138.95,收入 262
525,262,3,4,0,3008.06,0,3008.06,税额 262
525,263,1,2,19107.9,0,19107.9,0,应收发票 263
526,263,2,3,0,16909.65,0,16909.65,收入 263
527,263,3,4,0,2198.25,0,2198.25,税额 263
527,264,1,2,724.33,0,724.33,0,应收发票 264
528,264,2,3,0,641.0,0,641.0,收入 264
529,264,3,4,0,83.33,0,83.33,税额 264
529,265,1,2,7143.5,0,7143.5,0,应收发票 265
530,265,2,3,0,6321.68,0,6321.68,收入 265
531,265,3,4,0,821.82,0,821.82,税额 265
531,266,1,2,13665.81,0,13665.81,0,应收发票 266
532,266,2,3,0,12093.64,0,12093.64,收入 266
533,266,3,4,0,1572.17,0,1572.17,税额 266
533,267,1,2,7313.049999999999,0,7313.049999999999,0,应收发票 267
534,267,2,3,0,6471.73,0,6471.73,收入 267
535,267,3,4,0,841.32,0,841.32,税额 267
535,268,1,2,17241.04,0,17241.04,0,应收发票 268
536,268,2,3,0,15257.56,0,15257.56,收入 268
537,268,3,4,0,1983.48,0,1983.48,税额 268
537,269,1,2,672.0799999999999,0,672.0799999999999,0,应收发票 269
538,269,2,3,0,594.76,0,594.76,收入 269
539,269,3,4,0,77.32,0,77.32,税额 269
539,270,1,2,8525.09,0,8525.09,0,应收发票 270
540,270,2,3,0,7544.33,0,7544.33,收入 270
541,270,3,4,0,980.76,0,980.76,税额 270
541,271,1,2,7223.889999999999,0,7223.889999999999,0,应收发票 271
542,271,2,3,0,6392.82,0,6392.82,收入 271
543,271,3,4,0,831.07,0,831.07,税额 271
543,272,1,2,37268.27,0,37268.27,0,应收发票 272
544,272,2,3,0,32980.77,0,32980.77,收入 272
545,272,3,4,0,4287.5,0,4287.5,税额 272
545,273,1,2,16946.78,0,16946.78,0,应收发票 273
546,273,2,3,0,14997.15,0,14997.15,收入 273
547,273,3,4,0,1949.63,0,1949.63,税额 273
547,274,1,2,27163.26,0,27163.26,0,应收发票 274
548,274,2,3,0,24038.28,0,24038.28,收入 274
549,274,3,4,0,3124.98,0,3124.98,税额 274
549,275,1,2,9004.800000000001,0,9004.800000000001,0,应收发票 275
550,275,2,3,0,7968.85,0,7968.85,收入 275
551,275,3,4,0,1035.95,0,1035.95,税额 275
551,276,1,2,8742.03,0,8742.03,0,应收发票 276
552,276,2,3,0,7736.31,0,7736.31,收入 276
553,276,3,4,0,1005.72,0,1005.72,税额 276
553,277,1,2,11594.490000000002,0,11594.490000000002,0,应收发票 277
554,277,2,3,0,10260.61,0,10260.61,收入 277
555,277,3,4,0,1333.88,0,1333.88,税额 277
555,278,1,2,558.75,0,558.75,0,应收发票 278
556,278,2,3,0,494.47,0,494.47,收入 278
557,278,3,4,0,64.28,0,64.28,税额 278
557,279,1,2,23169.75,0,23169.75,0,应收发票 279
558,279,2,3,0,20504.2,0,20504.2,收入 279
559,279,3,4,0,2665.55,0,2665.55,税额 279
559,280,1,2,673.04,0,673.04,0,应收发票 280
560,280,2,3,0,595.61,0,595.61,收入 280
561,280,3,4,0,77.43,0,77.43,税额 280
561,281,1,2,10569.16,0,10569.16,0,应收发票 281
562,281,2,3,0,9353.24,0,9353.24,收入 281
563,281,3,4,0,1215.92,0,1215.92,税额 281
563,282,1,2,9042.07,0,9042.07,0,应收发票 282
564,282,2,3,0,8001.83,0,8001.83,收入 282
565,282,3,4,0,1040.24,0,1040.24,税额 282
565,283,1,2,2085.39,0,2085.39,0,应收发票 283
566,283,2,3,0,1845.48,0,1845.48,收入 283
567,283,3,4,0,239.91,0,239.91,税额 283
567,284,1,2,15037.970000000001,0,15037.970000000001,0,应收发票 284
568,284,2,3,0,13307.94,0,13307.94,收入 284
569,284,3,4,0,1730.03,0,1730.03,税额 284
569,285,1,2,23034.71,0,23034.71,0,应收发票 285
570,285,2,3,0,20384.7,0,20384.7,收入 285
571,285,3,4,0,2650.01,0,2650.01,税额 285
571,286,1,2,15435.61,0,15435.61,0,应收发票 286
572,286,2,3,0,13659.83,0,13659.83,收入 286
573,286,3,4,0,1775.78,0,1775.78,税额 286
573,287,1,2,786.6,0,786.6,0,应收发票 287
574,287,2,3,0,696.11,0,696.11,收入 287
575,287,3,4,0,90.49,0,90.49,税额 287
575,288,1,2,349.6,0,349.6,0,应收发票 288
576,288,2,3,0,309.38,0,309.38,收入 288
577,288,3,4,0,40.22,0,40.22,税额 288
577,289,1,2,563.46,0,563.46,0,应收发票 289
578,289,2,3,0,498.64,0,498.64,收入 289
579,289,3,4,0,64.82,0,64.82,税额 289
579,290,1,2,30140.219999999998,0,30140.219999999998,0,应收发票 290
580,290,2,3,0,26672.76,0,26672.76,收入 290
581,290,3,4,0,3467.46,0,3467.46,税额 290
581,291,1,2,16747.62,0,16747.62,0,应收发票 291
582,291,2,3,0,14820.9,0,14820.9,收入 291
583,291,3,4,0,1926.72,0,1926.72,税额 291
583,292,1,2,12341.04,0,12341.04,0,应收发票 292
584,292,2,3,0,10921.27,0,10921.27,收入 292
585,292,3,4,0,1419.77,0,1419.77,税额 292
585,293,1,2,19727.129999999997,0,19727.129999999997,0,应收发票 293
586,293,2,3,0,17457.64,0,17457.64,收入 293
587,293,3,4,0,2269.49,0,2269.49,税额 293
587,294,1,2,15317.85,0,15317.85,0,应收发票 294
588,294,2,3,0,13555.62,0,13555.62,收入 294
589,294,3,4,0,1762.23,0,1762.23,税额 294
589,295,1,2,9919.43,0,9919.43,0,应收发票 295
590,295,2,3,0,8778.26,0,8778.26,收入 295
591,295,3,4,0,1141.17,0,1141.17,税额 295
591,296,1,2,22583.57,0,22583.57,0,应收发票 296
592,296,2,3,0,19985.46,0,19985.46,收入 296
593,296,3,4,0,2598.11,0,2598.11,税额 296
593,297,1,2,35235.77,0,35235.77,0,应收发票 297
594,297,2,3,0,31182.1,0,31182.1,收入 297
595,297,3,4,0,4053.67,0,4053.67,税额 297
595,298,1,2,14657.66,0,14657.66,0,应收发票 298
596,298,2,3,0,12971.38,0,12971.38,收入 298
597,298,3,4,0,1686.28,0,1686.28,税额 298
597,299,1,2,14758.0,0,14758.0,0,应收发票 299
598,299,2,3,0,13060.18,0,13060.18,收入 299
599,299,3,4,0,1697.82,0,1697.82,税额 299
599,300,1,2,12441.720000000001,0,12441.720000000001,0,应收发票 300
600,300,2,3,0,11010.37,0,11010.37,收入 300
601,300,3,4,0,1431.35,0,1431.35,税额 300
601,301,1,2,28380.61,0,28380.61,0,应收发票 301
602,301,2,3,0,25115.58,0,25115.58,收入 301
603,301,3,4,0,3265.03,0,3265.03,税额 301
603,302,1,2,6613.33,0,6613.33,0,应收发票 302
604,302,2,3,0,5852.5,0,5852.5,收入 302
605,302,3,4,0,760.83,0,760.83,税额 302
605,303,1,2,2103.2599999999998,0,2103.2599999999998,0,应收发票 303
606,303,2,3,0,1861.29,0,1861.29,收入 303
607,303,3,4,0,241.97,0,241.97,税额 303
607,304,1,2,1968.6,0,1968.6,0,应收发票 304
608,304,2,3,0,1742.12,0,1742.12,收入 304
609,304,3,4,0,226.48,0,226.48,税额 304
609,305,1,2,25870.8,0,25870.8,0,应收发票 305
610,305,2,3,0,22894.51,0,22894.51,收入 305
611,305,3,4,0,2976.29,0,2976.29,税额 305
611,306,1,2,10715.25,0,10715.25,0,应收发票 306
612,306,2,3,0,9482.52,0,9482.52,收入 306
613,306,3,4,0,1232.73,0,1232.73,税额 306
613,307,1,2,18115.8,0,18115.8,0,应收发票 307
614,307,2,3,0,16031.68,0,16031.68,收入 307
615,307,3,4,0,2084.12,0,2084.12,税额 307
615,308,1,2,4701.72,0,4701.72,0,应收发票 308
616,308,2,3,0,4160.81,0,4160.81,收入 308
617,308,3,4,0,540.91,0,540.91,税额 308
617,309,1,2,12660.44,0,12660.44,0,应收发票 309
618,309,2,3,0,11203.93,0,11203.93,收入 309
619,309,3,4,0,1456.51,0,1456.51,税额 309
619,310,1,2,13792.92,0,13792.92,0,应收发票 310
620,310,2,3,0,12206.12,0,12206.12,收入 310
621,310,3,4,0,1586.8,0,1586.8,税额 310
621,311,1,2,674.9399999999999,0,674.9399999999999,0,应收发票 311
622,311,2,3,0,597.29,0,597.29,收入 311
623,311,3,4,0,77.65,0,77.65,税额 311
623,312,1,2,7439.57,0,7439.57,0,应收发票 312
624,312,2,3,0,6583.69,0,6583.69,收入 312
625,312,3,4,0,855.88,0,855.88,税额 312
625,313,1,2,13812.27,0,13812.27,0,应收发票 313
626,313,2,3,0,12223.25,0,12223.25,收入 313
627,313,3,4,0,1589.02,0,1589.02,税额 313
627,314,1,2,10065.87,0,10065.87,0,应收发票 314
628,314,2,3,0,8907.85,0,8907.85,收入 314
629,314,3,4,0,1158.02,0,1158.02,税额 314
629,315,1,2,1109.47,0,1109.47,0,应收发票 315
630,315,2,3,0,981.83,0,981.83,收入 315
631,315,3,4,0,127.64,0,127.64,税额 315
631,316,1,2,3912.44,0,3912.44,0,应收发票 316
632,316,2,3,0,3462.34,0,3462.34,收入 316
633,316,3,4,0,450.1,0,450.1,税额 316
633,317,1,2,10502.92,0,10502.92,0,应收发票 317
634,317,2,3,0,9294.62,0,9294.62,收入 317
635,317,3,4,0,1208.3,0,1208.3,税额 317
635,318,1,2,21780.350000000002,0,21780.350000000002,0,应收发票 318
636,318,2,3,0,19274.65,0,19274.65,收入 318
637,318,3,4,0,2505.7,0,2505.7,税额 318
637,319,1,2,22047.539999999997,0,22047.539999999997,0,应收发票 319
638,319,2,3,0,19511.1,0,19511.1,收入 319
639,319,3,4,0,2536.44,0,2536.44,税额 319
639,320,1,2,1444.55,0,1444.55,0,应收发票 320
640,320,2,3,0,1278.36,0,1278.36,收入 320
641,320,3,4,0,166.19,0,166.19,税额 320
641,321,1,2,6983.82,0,6983.82,0,应收发票 321
642,321,2,3,0,6180.37,0,6180.37,收入 321
643,321,3,4,0,803.45,0,803.45,税额 321
643,322,1,2,6027.87,0,6027.87,0,应收发票 322
644,322,2,3,0,5334.4,0,5334.4,收入 322
645,322,3,4,0,693.47,0,693.47,税额 322
645,323,1,2,21069.43,0,21069.43,0,应收发票 323
646,323,2,3,0,18645.51,0,18645.51,收入 323
647,323,3,4,0,2423.92,0,2423.92,税额 323
647,324,1,2,4572.15,0,4572.15,0,应收发票 324
648,324,2,3,0,4046.15,0,4046.15,收入 324
649,324,3,4,0,526.0,0,526.0,税额 324
649,325,1,2,30673.33,0,30673.33,0,应收发票 325
650,325,2,3,0,27144.54,0,27144.54,收入 325
651,325,3,4,0,3528.79,0,3528.79,税额 325
651,326,1,2,3128.0899999999997,0,3128.0899999999997,0,应收发票 326
652,326,2,3,0,2768.22,0,2768.22,收入 326
653,326,3,4,0,359.87,0,359.87,税额 326
653,327,1,2,2134.04,0,2134.04,0,应收发票 327
654,327,2,3,0,1888.53,0,1888.53,收入 327
655,327,3,4,0,245.51,0,245.51,税额 327
655,328,1,2,15857.970000000001,0,15857.970000000001,0,应收发票 328
656,328,2,3,0,14033.6,0,14033.6,收入 328
657,328,3,4,0,1824.37,0,1824.37,税额 328
657,329,1,2,5401.66,0,5401.66,0,应收发票 329
658,329,2,3,0,4780.23,0,4780.23,收入 329
659,329,3,4,0,621.43,0,621.43,税额 329
659,330,1,2,14859.26,0,14859.26,0,应收发票 330
660,330,2,3,0,13149.79,0,13149.79,收入 330
661,330,3,4,0,1709.47,0,1709.47,税额 330
661,331,1,2,6375.0599999999995,0,6375.0599999999995,0,应收发票 331
662,331,2,3,0,5641.65,0,5641.65,收入 331
663,331,3,4,0,733.41,0,733.41,税额 331
663,332,1,2,13554.3,0,13554.3,0,应收发票 332
664,332,2,3,0,11994.96,0,11994.96,收入 332
665,332,3,4,0,1559.34,0,1559.34,税额 332
665,333,1,2,1543.9299999999998,0,1543.9299999999998,0,应收发票 333
666,333,2,3,0,1366.31,0,1366.31,收入 333
667,333,3,4,0,177.62,0,177.62,税额 333
667,334,1,2,18455.399999999998,0,18455.399999999998,0,应收发票 334
668,334,2,3,0,16332.21,0,16332.21,收入 334
669,334,3,4,0,2123.19,0,2123.19,税额 334
669,335,1,2,986.35,0,986.35,0,应收发票 335
670,335,2,3,0,872.88,0,872.88,收入 335
671,335,3,4,0,113.47,0,113.47,税额 335
671,336,1,2,3114.02,0,3114.02,0,应收发票 336
672,336,2,3,0,2755.77,0,2755.77,收入 336
673,336,3,4,0,358.25,0,358.25,税额 336
673,337,1,2,18319.11,0,18319.11,0,应收发票 337
674,337,2,3,0,16211.6,0,16211.6,收入 337
675,337,3,4,0,2107.51,0,2107.51,税额 337
675,338,1,2,6691.24,0,6691.24,0,应收发票 338
676,338,2,3,0,5921.45,0,5921.45,收入 338
677,338,3,4,0,769.79,0,769.79,税额 338
677,339,1,2,10772.78,0,10772.78,0,应收发票 339
678,339,2,3,0,9533.43,0,9533.43,收入 339
679,339,3,4,0,1239.35,0,1239.35,税额 339
679,340,1,2,13043.900000000001,0,13043.900000000001,0,应收发票 340
680,340,2,3,0,11543.27,0,11543.27,收入 340
681,340,3,4,0,1500.63,0,1500.63,税额 340
681,341,1,2,849.86,0,849.86,0,应收发票 341
682,341,2,3,0,752.09,0,752.09,收入 341
683,341,3,4,0,97.77,0,97.77,税额 341
683,342,1,2,14608.2,0,14608.2,0,应收发票 342
684,342,2,3,0,12927.61,0,12927.61,收入 342
685,342,3,4,0,1680.59,0,1680.59,税额 342
685,343,1,2,18744.96,0,18744.96,0,应收发票 343
686,343,2,3,0,16588.46,0,16588.46,收入 343
687,343,3,4,0,2156.5,0,2156.5,税额 343
687,344,1,2,6236.490000000001,0,6236.490000000001,0,应收发票 344
688,344,2,3,0,5519.02,0,5519.02,收入 344
689,344,3,4,0,717.47,0,717.47,税额 344
689,345,1,2,24180.95,0,24180.95,0,应收发票 345
690,345,2,3,0,21399.07,0,21399.07,收入 345
691,345,3,4,0,2781.88,0,2781.88,税额 345
691,346,1,2,2151.3599999999997,0,2151.3599999999997,0,应收发票 346
692,346,2,3,0,1903.86,0,1903.86,收入 346
693,346,3,4,0,247.5,0,247.5,税额 346
693,347,1,2,22776.56,0,22776.56,0,应收发票 347
694,347,2,3,0,20156.25,0,20156.25,收入 347
695,347,3,4,0,2620.31,0,2620.31,税额 347
695,348,1,2,25342.010000000002,0,25342.010000000002,0,应收发票 348
696,348,2,3,0,22426.56,0,22426.56,收入 348
697,348,3,4,0,2915.45,0,2915.45,税额 348
697,349,1,2,20822.25,0,20822.25,0,应收发票 349
698,349,2,3,0,18426.77,0,18426.77,收入 349
699,349,3,4,0,2395.48,0,2395.48,税额 349
699,350,1,2,3989.02,0,3989.02,0,应收发票 350
700,350,2,3,0,3530.11,0,3530.11,收入 350
701,350,3,4,0,458.91,0,458.91,税额 350
701,351,1,2,10991.34,0,10991.34,0,应收发票 351
702,351,2,3,0,9726.85,0,9726.85,收入 351
703,351,3,4,0,1264.49,0,1264.49,税额 351
703,352,1,2,20947.06,0,20947.06,0,应收发票 352
704,352,2,3,0,18537.22,0,18537.22,收入 352
705,352,3,4,0,2409.84,0,2409.84,税额 352
705,353,1,2,1147.38,0,1147.38,0,应收发票 353
706,353,2,3,0,1015.38,0,1015.38,收入 353
707,353,3,4,0,132.0,0,132.0,税额 353
707,354,1,2,6694.3,0,6694.3,0,应收发票 354
708,354,2,3,0,5924.16,0,5924.16,收入 354
709,354,3,4,0,770.14,0,770.14,税额 354
709,355,1,2,12043.71,0,12043.71,0,应收发票 355
710,355,2,3,0,10658.15,0,10658.15,收入 355
711,355,3,4,0,1385.56,0,1385.56,税额 355
711,356,1,2,2919.3900000000003,0,2919.3900000000003,0,应收发票 356
712,356,2,3,0,2583.53,0,2583.53,收入 356
713,356,3,4,0,335.86,0,335.86,税额 356
713,357,1,2,16754.11,0,16754.11,0,应收发票 357
714,357,2,3,0,14826.65,0,14826.65,收入 357
715,357,3,4,0,1927.46,0,1927.46,税额 357
715,358,1,2,291.6,0,291.6,0,应收发票 358
716,358,2,3,0,258.05,0,258.05,收入 358
717,358,3,4,0,33.55,0,33.55,税额 358
717,359,1,2,11388.38,0,11388.38,0,应收发票 359
718,359,2,3,0,10078.21,0,10078.21,收入 359
719,359,3,4,0,1310.17,0,1310.17,税额 359
719,360,1,2,3499.29,0,3499.29,0,应收发票 360
720,360,2,3,0,3096.72,0,3096.72,收入 360
721,360,3,4,0,402.57,0,402.57,税额 360
721,361,1,2,913.81,0,913.81,0,应收发票 361
722,361,2,3,0,808.68,0,808.68,收入 361
723,361,3,4,0,105.13,0,105.13,税额 361
723,362,1,2,2297.38,0,2297.38,0,应收发票 362
724,362,2,3,0,2033.08,0,2033.08,收入 362
725,362,3,4,0,264.3,0,264.3,税额 362
725,363,1,2,14343.519999999999,0,14343.519999999999,0,应收发票 363
726,363,2,3,0,12693.38,0,12693.38,收入 363
727,363,3,4,0,1650.14,0,1650.14,税额 363
727,364,1,2,14839.35,0,14839.35,0,应收发票 364
728,364,2,3,0,13132.17,0,13132.17,收入 364
729,364,3,4,0,1707.18,0,1707.18,税额 364
729,365,1,2,6634.9400000000005,0,6634.9400000000005,0,应收发票 365
730,365,2,3,0,5871.63,0,5871.63,收入 365
731,365,3,4,0,763.31,0,763.31,税额 365
731,366,1,2,5290.66,0,5290.66,0,应收发票 366
732,366,2,3,0,4682.0,0,4682.0,收入 366
733,366,3,4,0,608.66,0,608.66,税额 366
733,367,1,2,1401.65,0,1401.65,0,应收发票 367
734,367,2,3,0,1240.4,0,1240.4,收入 367
735,367,3,4,0,161.25,0,161.25,税额 367
735,368,1,2,273.64,0,273.64,0,应收发票 368
736,368,2,3,0,242.16,0,242.16,收入 368
737,368,3,4,0,31.48,0,31.48,税额 368
737,369,1,2,17188.55,0,17188.55,0,应收发票 369
738,369,2,3,0,15211.11,0,15211.11,收入 369
739,369,3,4,0,1977.44,0,1977.44,税额 369
739,370,1,2,1727.0700000000002,0,1727.0700000000002,0,应收发票 370
740,370,2,3,0,1528.38,0,1528.38,收入 370
741,370,3,4,0,198.69,0,198.69,税额 370
741,371,1,2,6578.049999999999,0,6578.049999999999,0,应收发票 371
742,371,2,3,0,5821.28,0,5821.28,收入 371
743,371,3,4,0,756.77,0,756.77,税额 371
743,372,1,2,4718.09,0,4718.09,0,应收发票 372
744,372,2,3,0,4175.3,0,4175.3,收入 372
745,372,3,4,0,542.79,0,542.79,税额 372
745,373,1,2,2641.5,0,2641.5,0,应收发票 373
746,373,2,3,0,2337.61,0,2337.61,收入 373
747,373,3,4,0,303.89,0,303.89,税额 373
747,374,1,2,2827.08,0,2827.08,0,应收发票 374
748,374,2,3,0,2501.84,0,2501.84,收入 374
749,374,3,4,0,325.24,0,325.24,税额 374
749,375,1,2,12239.35,0,12239.35,0,应收发票 375
750,375,2,3,0,10831.28,0,10831.28,收入 375
751,375,3,4,0,1408.07,0,1408.07,税额 375
751,376,1,2,15924.81,0,15924.81,0,应收发票 376
752,376,2,3,0,14092.75,0,14092.75,收入 376
753,376,3,4,0,1832.06,0,1832.06,税额 376
753,377,1,2,9562.34,0,9562.34,0,应收发票 377
754,377,2,3,0,8462.25,0,8462.25,收入 377
755,377,3,4,0,1100.09,0,1100.09,税额 377
755,378,1,2,9955.31,0,9955.31,0,应收发票 378
756,378,2,3,0,8810.01,0,8810.01,收入 378
757,378,3,4,0,1145.3,0,1145.3,税额 378
757,379,1,2,8921.77,0,8921.77,0,应收发票 379
758,379,2,3,0,7895.37,0,7895.37,收入 379
759,379,3,4,0,1026.4,0,1026.4,税额 379
759,380,1,2,13963.170000000002,0,13963.170000000002,0,应收发票 380
760,380,2,3,0,12356.79,0,12356.79,收入 380
761,380,3,4,0,1606.38,0,1606.38,税额 380
761,381,1,2,1390.74,0,1390.74,0,应收发票 381
762,381,2,3,0,1230.74,0,1230.74,收入 381
763,381,3,4,0,160.0,0,160.0,税额 381
763,382,1,2,1589.5100000000002,0,1589.5100000000002,0,应收发票 382
764,382,2,3,0,1406.65,0,1406.65,收入 382
765,382,3,4,0,182.86,0,182.86,税额 382
765,383,1,2,7423.76,0,7423.76,0,应收发票 383
766,383,2,3,0,6569.7,0,6569.7,收入 383
767,383,3,4,0,854.06,0,854.06,税额 383
767,384,1,2,12702.3,0,12702.3,0,应收发票 384
768,384,2,3,0,11240.97,0,11240.97,收入 384
769,384,3,4,0,1461.33,0,1461.33,税额 384
769,385,1,2,11226.99,0,11226.99,0,应收发票 385
770,385,2,3,0,9935.39,0,9935.39,收入 385
771,385,3,4,0,1291.6,0,1291.6,税额 385
771,386,1,2,19883.54,0,19883.54,0,应收发票 386
772,386,2,3,0,17596.05,0,17596.05,收入 386
773,386,3,4,0,2287.49,0,2287.49,税额 386
773,387,1,2,1547.32,0,1547.32,0,应收发票 387
774,387,2,3,0,1369.31,0,1369.31,收入 387
775,387,3,4,0,178.01,0,178.01,税额 387
775,388,1,2,12788.710000000001,0,12788.710000000001,0,应收发票 388
776,388,2,3,0,11317.44,0,11317.44,收入 388
777,388,3,4,0,1471.27,0,1471.27,税额 388
777,389,1,2,41825.06,0,41825.06,0,应收发票 389
778,389,2,3,0,37013.33,0,37013.33,收入 389
779,389,3,4,0,4811.73,0,4811.73,税额 389
779,390,1,2,2159.77,0,2159.77,0,应收发票 390
780,390,2,3,0,1911.3,0,1911.3,收入 390
781,390,3,4,0,248.47,0,248.47,税额 390
781,391,1,2,4628.7300000000005,0,4628.7300000000005,0,应收发票 391
782,391,2,3,0,4096.22,0,4096.22,收入 391
783,391,3,4,0,532.51,0,532.51,税额 391
783,392,1,2,11826.18,0,11826.18,0,应收发票 392
784,392,2,3,0,10465.65,0,10465.65,收入 392
785,392,3,4,0,1360.53,0,1360.53,税额 392
785,393,1,2,25458.8,0,25458.8,0,应收发票 393
786,393,2,3,0,22529.91,0,22529.91,收入 393
787,393,3,4,0,2928.89,0,2928.89,税额 393
787,394,1,2,5146.040000000001,0,5146.040000000001,0,应收发票 394
788,394,2,3,0,4554.02,0,4554.02,收入 394
789,394,3,4,0,592.02,0,592.02,税额 394
789,395,1,2,8784.26,0,8784.26,0,应收发票 395
790,395,2,3,0,7773.68,0,7773.68,收入 395
791,395,3,4,0,1010.58,0,1010.58,税额 395
791,396,1,2,1613.52,0,1613.52,0,应收发票 396
792,396,2,3,0,1427.89,0,1427.89,收入 396
793,396,3,4,0,185.63,0,185.63,税额 396
793,397,1,2,12904.22,0,12904.22,0,应收发票 397
794,397,2,3,0,11419.66,0,11419.66,收入 397
795,397,3,4,0,1484.56,0,1484.56,税额 397
795,398,1,2,25542.54,0,25542.54,0,应收发票 398
796,398,2,3,0,22604.02,0,22604.02,收入 398
797,398,3,4,0,2938.52,0,2938.52,税额 398
797,399,1,2,9375.52,0,9375.52,0,应收发票 399
798,399,2,3,0,8296.92,0,8296.92,收入 399
799,399,3,4,0,1078.6,0,1078.6,税额 399
799,400,1,2,625.5,0,625.5,0,应收发票 400
800,400,2,3,0,553.54,0,553.54,收入 400
801,400,3,4,0,71.96,0,71.96,税额 400
801,401,1,2,16522.23,0,16522.23,0,应收发票 401
802,401,2,3,0,14621.44,0,14621.44,收入 401
803,401,3,4,0,1900.79,0,1900.79,税额 401
803,402,1,2,1528.52,0,1528.52,0,应收发票 402
804,402,2,3,0,1352.67,0,1352.67,收入 402
805,402,3,4,0,175.85,0,175.85,税额 402
805,403,1,2,22822.920000000002,0,22822.920000000002,0,应收发票 403
806,403,2,3,0,20197.27,0,20197.27,收入 403
807,403,3,4,0,2625.65,0,2625.65,税额 403
807,404,1,2,9807.439999999999,0,9807.439999999999,0,应收发票 404
808,404,2,3,0,8679.15,0,8679.15,收入 404
809,404,3,4,0,1128.29,0,1128.29,税额 404
