location_id,country_code,province_name,city_name,district_name,address_line1,postal_code,created_date,last_update_date
200000001,CN,广东省,深圳市,宝安区,广东省深圳市宝安区文一西路605号,542417,2026-02-26 23:55:00,2026-02-26 23:55:00
200000002,CN,江苏省,苏州市,工业园区,江苏省苏州市工业园区文一西路390号,201414,2025-03-28 12:22:00,2025-03-28 12:22:00
200000003,CN,广东省,深圳市,福田区,广东省深圳市福田区张江路465号,766563,2023-11-27 12:50:00,2023-11-27 12:50:00
200000004,CN,广东省,深圳市,福田区,广东省深圳市福田区人民路275号,169403,2025-08-26 05:04:00,2025-08-26 05:04:00
200000005,CN,浙江省,杭州市,西湖区,浙江省杭州市西湖区创新大道94号,892495,2026-02-10 20:51:00,2026-02-10 20:51:00
200000006,CN,浙江省,杭州市,滨江区,浙江省杭州市滨江区科技南一道977号,857168,2023-10-16 00:44:00,2023-10-16 00:44:00
200000007,CN,江苏省,苏州市,虎丘区,江苏省苏州市虎丘区建国路60号,352572,2023-10-13 05:55:00,2023-10-13 05:55:00
200000008,CN,江苏省,苏州市,虎丘区,江苏省苏州市虎丘区创新大道124号,359947,2025-08-12 21:39:00,2025-08-12 21:39:00
200000009,CN,浙江省,杭州市,滨江区,浙江省杭州市滨江区人民路195号,198907,2025-12-21 02:33:00,2025-12-21 02:33:00
200000010,CN,浙江省,杭州市,余杭区,浙江省杭州市余杭区创新大道828号,997546,2024-09-13 20:57:00,2024-09-13 20:57:00
200000011,CN,广东省,深圳市,宝安区,广东省深圳市宝安区科技南一道766号,428838,2026-01-31 22:23:00,2026-01-31 22:23:00
200000012,CN,上海市,上海市,徐汇区,上海市上海市徐汇区高新南七道958号,373432,2025-09-02 02:15:00,2025-09-02 02:15:00
200000013,CN,江苏省,苏州市,工业园区,江苏省苏州市工业园区建国路379号,398830,2025-10-20 09:07:00,2025-10-20 09:07:00
200000014,CN,江苏省,苏州市,工业园区,江苏省苏州市工业园区张江路518号,612262,2025-07-16 22:55:00,2025-07-16 22:55:00
200000015,CN,浙江省,杭州市,滨江区,浙江省杭州市滨江区星湖街43号,423232,2025-03-22 22:03:00,2025-03-22 22:03:00
200000016,CN,江苏省,苏州市,虎丘区,江苏省苏州市虎丘区建国路274号,266931,2024-01-14 01:54:00,2024-01-14 01:54:00
200000017,CN,广东省,深圳市,南山区,广东省深圳市南山区张江路183号,708792,2025-07-02 22:54:00,2025-07-02 22:54:00
200000018,CN,广东省,深圳市,宝安区,广东省深圳市宝安区张江路520号,424308,2024-05-17 10:40:00,2024-05-17 10:40:00
200000019,CN,上海市,上海市,徐汇区,上海市上海市徐汇区高新南七道477号,563246,2025-01-02 02:47:00,2025-01-02 02:47:00
200000020,CN,广东省,深圳市,福田区,广东省深圳市福田区人民路908号,760356,2024-08-18 17:15:00,2024-08-18 17:15:00
200000021,CN,北京市,北京市,丰台区,北京市北京市丰台区高新南七道973号,891937,2025-01-01 04:08:00,2025-01-01 04:08:00
200000022,CN,浙江省,杭州市,滨江区,浙江省杭州市滨江区高新南七道328号,666390,2026-01-07 19:51:00,2026-01-07 19:51:00
200000023,CN,江苏省,苏州市,虎丘区,江苏省苏州市虎丘区人民路874号,976325,2025-01-25 06:13:00,2025-01-25 06:13:00
200000024,CN,广东省,深圳市,南山区,广东省深圳市南山区人民路139号,584125,2025-09-25 22:44:00,2025-09-25 22:44:00
200000025,CN,广东省,深圳市,南山区,广东省深圳市南山区建国路205号,979995,2026-03-10 04:51:00,2026-03-10 04:51:00
200000026,CN,江苏省,苏州市,吴中区,江苏省苏州市吴中区人民路407号,849747,2025-09-08 21:23:00,2025-09-08 21:23:00
200000027,CN,北京市,北京市,朝阳区,北京市北京市朝阳区人民路984号,479781,2024-06-18 09:15:00,2024-06-18 09:15:00
200000028,CN,北京市,北京市,海淀区,北京市北京市海淀区科技南一道507号,992288,2025-05-02 18:29:00,2025-05-02 18:29:00
200000029,CN,广东省,深圳市,福田区,广东省深圳市福田区建国路415号,825391,2025-07-24 14:18:00,2025-07-24 14:18:00
200000030,CN,北京市,北京市,海淀区,北京市北京市海淀区张江路103号,973074,2025-09-13 14:46:00,2025-09-13 14:46:00
200000031,CN,北京市,北京市,海淀区,北京市北京市海淀区高新南七道189号,153872,2025-07-15 08:53:00,2025-07-15 08:53:00
200000032,CN,北京市,北京市,海淀区,北京市北京市海淀区人民路313号,696251,2024-07-03 22:21:00,2024-07-03 22:21:00
200000033,CN,江苏省,苏州市,吴中区,江苏省苏州市吴中区创新大道73号,820775,2025-08-03 15:10:00,2025-08-03 15:10:00
200000034,CN,江苏省,苏州市,吴中区,江苏省苏州市吴中区人民路966号,385470,2024-11-03 06:29:00,2024-11-03 06:29:00
200000035,CN,北京市,北京市,海淀区,北京市北京市海淀区星湖街600号,557058,2024-06-18 08:55:00,2024-06-18 08:55:00
200000036,CN,北京市,北京市,丰台区,北京市北京市丰台区科技南一道674号,668950,2024-12-12 10:57:00,2024-12-12 10:57:00
200000037,CN,上海市,上海市,闵行区,上海市上海市闵行区文一西路231号,982277,2025-12-04 09:53:00,2025-12-04 09:53:00
200000038,CN,上海市,上海市,闵行区,上海市上海市闵行区科技南一道290号,861319,2025-05-29 05:23:00,2025-05-29 05:23:00
200000039,CN,北京市,北京市,朝阳区,北京市北京市朝阳区高新南七道763号,595951,2024-04-07 11:36:00,2024-04-07 11:36:00
200000040,CN,浙江省,杭州市,余杭区,浙江省杭州市余杭区创新大道801号,377896,2025-04-18 04:16:00,2025-04-18 04:16:00
200000041,CN,广东省,深圳市,福田区,广东省深圳市福田区星湖街711号,414012,2026-03-01 22:40:00,2026-03-01 22:40:00
200000042,CN,浙江省,杭州市,余杭区,浙江省杭州市余杭区创新大道654号,366314,2024-12-15 15:18:00,2024-12-15 15:18:00
200000043,CN,江苏省,苏州市,吴中区,江苏省苏州市吴中区张江路717号,409571,2026-03-08 02:35:00,2026-03-08 02:35:00
200000044,CN,广东省,深圳市,宝安区,广东省深圳市宝安区高新南七道750号,237795,2025-12-28 14:40:00,2025-12-28 14:40:00
200000045,CN,浙江省,杭州市,余杭区,浙江省杭州市余杭区人民路991号,986827,2023-12-28 06:37:00,2023-12-28 06:37:00
200000046,CN,上海市,上海市,闵行区,上海市上海市闵行区建国路664号,166287,2024-06-18 09:02:00,2024-06-18 09:02:00
200000047,CN,浙江省,杭州市,滨江区,浙江省杭州市滨江区文一西路854号,613117,2024-07-08 10:43:00,2024-07-08 10:43:00
200000048,CN,浙江省,杭州市,西湖区,浙江省杭州市西湖区科技南一道52号,925013,2025-04-23 16:52:00,2025-04-23 16:52:00
200000049,CN,广东省,深圳市,宝安区,广东省深圳市宝安区科技南一道135号,115582,2025-03-29 16:23:00,2025-03-29 16:23:00
200000050,CN,上海市,上海市,闵行区,上海市上海市闵行区创新大道659号,132663,2026-01-27 08:06:00,2026-01-27 08:06:00
200000051,CN,上海市,上海市,闵行区,上海市上海市闵行区创新大道518号,734836,2025-01-14 20:10:00,2025-01-14 20:10:00
200000052,CN,广东省,深圳市,南山区,广东省深圳市南山区人民路99号,880758,2024-03-04 12:09:00,2024-03-04 12:09:00
200000053,CN,浙江省,杭州市,余杭区,浙江省杭州市余杭区高新南七道866号,683286,2025-03-19 20:12:00,2025-03-19 20:12:00
200000054,CN,浙江省,杭州市,余杭区,浙江省杭州市余杭区人民路72号,248766,2024-03-02 03:59:00,2024-03-02 03:59:00
200000055,CN,北京市,北京市,海淀区,北京市北京市海淀区创新大道425号,386436,2025-08-22 07:53:00,2025-08-22 07:53:00
200000056,CN,江苏省,苏州市,虎丘区,江苏省苏州市虎丘区文一西路8号,621546,2024-02-25 10:49:00,2024-02-25 10:49:00
200000057,CN,江苏省,苏州市,工业园区,江苏省苏州市工业园区创新大道852号,823108,2025-03-25 21:33:00,2025-03-25 21:33:00
200000058,CN,浙江省,杭州市,余杭区,浙江省杭州市余杭区文一西路150号,368402,2025-09-09 18:22:00,2025-09-09 18:22:00
200000059,CN,北京市,北京市,海淀区,北京市北京市海淀区张江路816号,388016,2024-08-02 22:38:00,2024-08-02 22:38:00
200000060,CN,广东省,深圳市,福田区,广东省深圳市福田区建国路330号,734394,2024-11-28 07:51:00,2024-11-28 07:51:00
200000061,CN,北京市,北京市,海淀区,北京市北京市海淀区高新南七道696号,726928,2026-02-05 03:19:00,2026-02-05 03:19:00
200000062,CN,广东省,深圳市,福田区,广东省深圳市福田区人民路659号,930117,2025-04-28 19:18:00,2025-04-28 19:18:00
200000063,CN,广东省,深圳市,宝安区,广东省深圳市宝安区科技南一道678号,453123,2023-10-15 04:52:00,2023-10-15 04:52:00
200000064,CN,浙江省,杭州市,滨江区,浙江省杭州市滨江区创新大道926号,975679,2025-09-13 12:17:00,2025-09-13 12:17:00
200000065,CN,上海市,上海市,浦东新区,上海市上海市浦东新区张江路86号,900185,2025-10-17 15:32:00,2025-10-17 15:32:00
200000066,CN,广东省,深圳市,宝安区,广东省深圳市宝安区高新南七道811号,253143,2025-11-10 22:42:00,2025-11-10 22:42:00
200000067,CN,浙江省,杭州市,滨江区,浙江省杭州市滨江区创新大道65号,216242,2023-11-25 08:22:00,2023-11-25 08:22:00
200000068,CN,广东省,深圳市,宝安区,广东省深圳市宝安区人民路383号,365971,2024-02-24 23:38:00,2024-02-24 23:38:00
200000069,CN,广东省,深圳市,宝安区,广东省深圳市宝安区创新大道38号,407696,2025-09-05 22:10:00,2025-09-05 22:10:00
200000070,CN,北京市,北京市,丰台区,北京市北京市丰台区创新大道917号,505426,2025-04-17 18:29:00,2025-04-17 18:29:00
200000071,CN,北京市,北京市,朝阳区,北京市北京市朝阳区创新大道360号,568849,2026-02-15 00:05:00,2026-02-15 00:05:00
200000072,CN,浙江省,杭州市,西湖区,浙江省杭州市西湖区高新南七道371号,501451,2024-08-27 22:22:00,2024-08-27 22:22:00
200000073,CN,上海市,上海市,浦东新区,上海市上海市浦东新区张江路794号,372933,2024-04-09 09:47:00,2024-04-09 09:47:00
200000074,CN,浙江省,杭州市,滨江区,浙江省杭州市滨江区建国路125号,310743,2024-01-09 19:45:00,2024-01-09 19:45:00
200000075,CN,广东省,深圳市,南山区,广东省深圳市南山区高新南七道658号,177767,2024-12-25 09:17:00,2024-12-25 09:17:00
200000076,CN,广东省,深圳市,福田区,广东省深圳市福田区建国路651号,677599,2025-06-22 19:20:00,2025-06-22 19:20:00
200000077,CN,浙江省,杭州市,西湖区,浙江省杭州市西湖区人民路633号,770030,2026-02-27 08:04:00,2026-02-27 08:04:00
200000078,CN,江苏省,苏州市,吴中区,江苏省苏州市吴中区高新南七道999号,518084,2025-11-17 12:28:00,2025-11-17 12:28:00
200000079,CN,北京市,北京市,丰台区,北京市北京市丰台区创新大道511号,423528,2024-11-06 23:55:00,2024-11-06 23:55:00
200000080,CN,江苏省,苏州市,虎丘区,江苏省苏州市虎丘区高新南七道47号,520040,2026-02-06 05:25:00,2026-02-06 05:25:00
200000081,CN,上海市,上海市,闵行区,上海市上海市闵行区科技南一道47号,140804,2025-11-10 01:39:00,2025-11-10 01:39:00
200000082,CN,上海市,上海市,闵行区,上海市上海市闵行区张江路487号,955374,2026-03-13 12:39:00,2026-03-13 12:39:00
200000083,CN,上海市,上海市,闵行区,上海市上海市闵行区星湖街842号,813793,2025-07-25 22:24:00,2025-07-25 22:24:00
200000084,CN,北京市,北京市,丰台区,北京市北京市丰台区人民路322号,281594,2024-12-15 06:39:00,2024-12-15 06:39:00
200000085,CN,江苏省,苏州市,虎丘区,江苏省苏州市虎丘区文一西路588号,809489,2024-09-20 11:03:00,2024-09-20 11:03:00
200000086,CN,上海市,上海市,浦东新区,上海市上海市浦东新区建国路52号,802371,2024-10-03 16:20:00,2024-10-03 16:20:00
200000087,CN,广东省,深圳市,南山区,广东省深圳市南山区建国路548号,874568,2024-03-20 22:02:00,2024-03-20 22:02:00
200000088,CN,上海市,上海市,徐汇区,上海市上海市徐汇区创新大道911号,240718,2023-11-10 07:31:00,2023-11-10 07:31:00
200000089,CN,广东省,深圳市,福田区,广东省深圳市福田区文一西路190号,247442,2024-11-27 13:01:00,2024-11-27 13:01:00
200000090,CN,上海市,上海市,徐汇区,上海市上海市徐汇区张江路707号,223119,2024-06-14 14:37:00,2024-06-14 14:37:00
200000091,CN,广东省,深圳市,宝安区,广东省深圳市宝安区文一西路64号,969032,2024-09-16 07:48:00,2024-09-16 07:48:00
200000092,CN,上海市,上海市,浦东新区,上海市上海市浦东新区创新大道689号,946112,2025-05-19 00:59:00,2025-05-19 00:59:00
200000093,CN,浙江省,杭州市,西湖区,浙江省杭州市西湖区人民路384号,501058,2024-12-26 11:36:00,2024-12-26 11:36:00
200000094,CN,江苏省,苏州市,工业园区,江苏省苏州市工业园区张江路194号,860242,2024-02-06 20:58:00,2024-02-06 20:58:00
200000095,CN,广东省,深圳市,南山区,广东省深圳市南山区张江路240号,955413,2024-03-11 05:40:00,2024-03-11 05:40:00
200000096,CN,北京市,北京市,丰台区,北京市北京市丰台区高新南七道714号,536548,2025-02-05 19:41:00,2025-02-05 19:41:00
200000097,CN,广东省,深圳市,福田区,广东省深圳市福田区高新南七道95号,661654,2024-03-19 17:57:00,2024-03-19 17:57:00
200000098,CN,浙江省,杭州市,滨江区,浙江省杭州市滨江区建国路566号,437237,2024-01-26 14:36:00,2024-01-26 14:36:00
200000099,CN,上海市,上海市,徐汇区,上海市上海市徐汇区人民路303号,259814,2025-09-11 13:46:00,2025-09-11 13:46:00
200000100,CN,上海市,上海市,徐汇区,上海市上海市徐汇区科技南一道537号,135466,2023-11-22 21:08:00,2023-11-22 21:08:00
200000101,CN,上海市,上海市,闵行区,上海市上海市闵行区科技南一道18号,655134,2024-03-21 15:26:00,2024-03-21 15:26:00
200000102,CN,北京市,北京市,海淀区,北京市北京市海淀区建国路714号,336828,2025-05-27 02:08:00,2025-05-27 02:08:00
200000103,CN,浙江省,杭州市,余杭区,浙江省杭州市余杭区创新大道278号,148823,2026-01-13 02:01:00,2026-01-13 02:01:00
200000104,CN,北京市,北京市,丰台区,北京市北京市丰台区高新南七道394号,892313,2024-03-03 19:10:00,2024-03-03 19:10:00
200000105,CN,江苏省,苏州市,吴中区,江苏省苏州市吴中区人民路443号,294760,2024-05-03 05:18:00,2024-05-03 05:18:00
200000106,CN,广东省,深圳市,南山区,广东省深圳市南山区人民路460号,684041,2024-09-08 07:34:00,2024-09-08 07:34:00
200000107,CN,江苏省,苏州市,虎丘区,江苏省苏州市虎丘区张江路505号,253023,2026-01-25 18:33:00,2026-01-25 18:33:00
200000108,CN,江苏省,苏州市,虎丘区,江苏省苏州市虎丘区高新南七道441号,955088,2023-12-08 03:22:00,2023-12-08 03:22:00
200000109,CN,上海市,上海市,浦东新区,上海市上海市浦东新区星湖街699号,904905,2024-09-13 23:14:00,2024-09-13 23:14:00
200000110,CN,北京市,北京市,丰台区,北京市北京市丰台区人民路557号,138551,2024-01-11 12:16:00,2024-01-11 12:16:00
200000111,CN,浙江省,杭州市,西湖区,浙江省杭州市西湖区建国路457号,492292,2025-02-23 09:11:00,2025-02-23 09:11:00
200000112,CN,北京市,北京市,朝阳区,北京市北京市朝阳区创新大道740号,830609,2024-12-22 13:56:00,2024-12-22 13:56:00
200000113,CN,北京市,北京市,丰台区,北京市北京市丰台区星湖街191号,771590,2024-05-26 10:35:00,2024-05-26 10:35:00
200000114,CN,广东省,深圳市,福田区,广东省深圳市福田区创新大道541号,770153,2025-05-14 04:36:00,2025-05-14 04:36:00
200000115,CN,浙江省,杭州市,西湖区,浙江省杭州市西湖区人民路429号,725397,2025-11-09 05:36:00,2025-11-09 05:36:00
200000116,CN,上海市,上海市,徐汇区,上海市上海市徐汇区创新大道419号,817956,2024-11-12 10:15:00,2024-11-12 10:15:00
200000117,CN,上海市,上海市,闵行区,上海市上海市闵行区科技南一道779号,853905,2025-01-03 06:47:00,2025-01-03 06:47:00
200000118,CN,浙江省,杭州市,余杭区,浙江省杭州市余杭区科技南一道584号,467856,2024-10-01 15:22:00,2024-10-01 15:22:00
200000119,CN,江苏省,苏州市,工业园区,江苏省苏州市工业园区人民路502号,249077,2024-08-16 03:43:00,2024-08-16 03:43:00
200000120,CN,北京市,北京市,丰台区,北京市北京市丰台区高新南七道871号,166407,2024-01-06 06:35:00,2024-01-06 06:35:00
200000121,CN,广东省,深圳市,福田区,广东省深圳市福田区建国路706号,238320,2024-06-03 14:50:00,2024-06-03 14:50:00
200000122,CN,上海市,上海市,浦东新区,上海市上海市浦东新区创新大道10号,108454,2024-04-17 13:08:00,2024-04-17 13:08:00
200000123,CN,上海市,上海市,徐汇区,上海市上海市徐汇区星湖街451号,468247,2024-03-21 17:20:00,2024-03-21 17:20:00
200000124,CN,上海市,上海市,徐汇区,上海市上海市徐汇区张江路798号,824016,2026-03-03 02:04:00,2026-03-03 02:04:00
200000125,CN,上海市,上海市,闵行区,上海市上海市闵行区高新南七道560号,816116,2025-10-05 08:11:00,2025-10-05 08:11:00
200000126,CN,浙江省,杭州市,滨江区,浙江省杭州市滨江区文一西路318号,182860,2024-10-23 17:09:00,2024-10-23 17:09:00
200000127,CN,江苏省,苏州市,吴中区,江苏省苏州市吴中区星湖街123号,113280,2024-04-05 19:16:00,2024-04-05 19:16:00
200000128,CN,江苏省,苏州市,吴中区,江苏省苏州市吴中区文一西路509号,577309,2024-10-23 12:57:00,2024-10-23 12:57:00
200000129,CN,浙江省,杭州市,余杭区,浙江省杭州市余杭区科技南一道567号,942127,2024-03-29 00:19:00,2024-03-29 00:19:00
200000130,CN,江苏省,苏州市,虎丘区,江苏省苏州市虎丘区高新南七道89号,679958,2024-12-18 23:37:00,2024-12-18 23:37:00
200000131,CN,广东省,深圳市,福田区,广东省深圳市福田区科技南一道778号,789233,2025-03-10 00:14:00,2025-03-10 00:14:00
200000132,CN,浙江省,杭州市,西湖区,浙江省杭州市西湖区人民路77号,720647,2024-08-26 22:33:00,2024-08-26 22:33:00
200000133,CN,北京市,北京市,海淀区,北京市北京市海淀区人民路124号,661957,2025-03-29 17:32:00,2025-03-29 17:32:00
200000134,CN,江苏省,苏州市,虎丘区,江苏省苏州市虎丘区星湖街32号,524035,2023-11-06 09:25:00,2023-11-06 09:25:00
200000135,CN,广东省,深圳市,南山区,广东省深圳市南山区创新大道829号,235047,2025-12-26 13:53:00,2025-12-26 13:53:00
200000136,CN,浙江省,杭州市,西湖区,浙江省杭州市西湖区张江路511号,532005,2024-09-13 08:57:00,2024-09-13 08:57:00
200000137,CN,广东省,深圳市,福田区,广东省深圳市福田区建国路31号,950069,2024-01-23 15:57:00,2024-01-23 15:57:00
200000138,CN,浙江省,杭州市,余杭区,浙江省杭州市余杭区建国路607号,433451,2023-12-26 00:16:00,2023-12-26 00:16:00
200000139,CN,上海市,上海市,浦东新区,上海市上海市浦东新区星湖街349号,851763,2025-09-30 13:57:00,2025-09-30 13:57:00
200000140,CN,上海市,上海市,徐汇区,上海市上海市徐汇区高新南七道229号,797860,2024-08-04 18:36:00,2024-08-04 18:36:00
200000141,CN,广东省,深圳市,南山区,广东省深圳市南山区高新南七道328号,276042,2024-06-17 21:08:00,2024-06-17 21:08:00
200000142,CN,北京市,北京市,海淀区,北京市北京市海淀区高新南七道560号,493580,2025-12-17 08:10:00,2025-12-17 08:10:00
200000143,CN,上海市,上海市,闵行区,上海市上海市闵行区科技南一道442号,785386,2025-10-13 04:04:00,2025-10-13 04:04:00
200000144,CN,广东省,深圳市,福田区,广东省深圳市福田区文一西路302号,963918,2024-05-22 03:22:00,2024-05-22 03:22:00
200000145,CN,北京市,北京市,海淀区,北京市北京市海淀区星湖街457号,146784,2025-07-04 09:31:00,2025-07-04 09:31:00
200000146,CN,北京市,北京市,丰台区,北京市北京市丰台区建国路488号,413369,2026-01-09 11:03:00,2026-01-09 11:03:00
200000147,CN,江苏省,苏州市,虎丘区,江苏省苏州市虎丘区文一西路90号,506951,2024-09-07 11:25:00,2024-09-07 11:25:00
200000148,CN,江苏省,苏州市,虎丘区,江苏省苏州市虎丘区张江路393号,786594,2024-11-18 05:22:00,2024-11-18 05:22:00
200000149,CN,江苏省,苏州市,虎丘区,江苏省苏州市虎丘区张江路864号,615500,2023-11-03 01:17:00,2023-11-03 01:17:00
200000150,CN,浙江省,杭州市,余杭区,浙江省杭州市余杭区张江路727号,631413,2025-02-10 19:11:00,2025-02-10 19:11:00
200000151,CN,浙江省,杭州市,滨江区,浙江省杭州市滨江区创新大道609号,567773,2025-09-30 08:23:00,2025-09-30 08:23:00
200000152,CN,广东省,深圳市,福田区,广东省深圳市福田区星湖街663号,281614,2024-07-23 23:46:00,2024-07-23 23:46:00
200000153,CN,上海市,上海市,闵行区,上海市上海市闵行区张江路701号,213355,2024-11-22 21:39:00,2024-11-22 21:39:00
200000154,CN,江苏省,苏州市,虎丘区,江苏省苏州市虎丘区人民路398号,872519,2026-02-22 05:15:00,2026-02-22 05:15:00
200000155,CN,浙江省,杭州市,西湖区,浙江省杭州市西湖区张江路743号,947609,2024-09-04 18:17:00,2024-09-04 18:17:00
200000156,CN,上海市,上海市,浦东新区,上海市上海市浦东新区人民路543号,412848,2025-01-31 22:05:00,2025-01-31 22:05:00
200000157,CN,浙江省,杭州市,西湖区,浙江省杭州市西湖区星湖街502号,923353,2024-02-08 21:52:00,2024-02-08 21:52:00
200000158,CN,浙江省,杭州市,余杭区,浙江省杭州市余杭区高新南七道320号,235193,2025-12-15 11:28:00,2025-12-15 11:28:00
200000159,CN,北京市,北京市,朝阳区,北京市北京市朝阳区建国路230号,862491,2025-11-16 17:14:00,2025-11-16 17:14:00
200000160,CN,北京市,北京市,朝阳区,北京市北京市朝阳区张江路486号,835962,2025-10-25 17:16:00,2025-10-25 17:16:00
200000161,CN,北京市,北京市,朝阳区,北京市北京市朝阳区建国路797号,375769,2023-11-30 07:48:00,2023-11-30 07:48:00
200000162,CN,广东省,深圳市,宝安区,广东省深圳市宝安区文一西路927号,368322,2024-06-09 16:31:00,2024-06-09 16:31:00
200000163,CN,北京市,北京市,丰台区,北京市北京市丰台区张江路900号,868677,2025-12-25 12:08:00,2025-12-25 12:08:00
200000164,CN,北京市,北京市,丰台区,北京市北京市丰台区创新大道186号,741018,2025-03-07 12:21:00,2025-03-07 12:21:00
200000165,CN,上海市,上海市,浦东新区,上海市上海市浦东新区人民路678号,861949,2025-07-19 08:38:00,2025-07-19 08:38:00
200000166,CN,江苏省,苏州市,工业园区,江苏省苏州市工业园区建国路564号,774567,2025-03-08 11:08:00,2025-03-08 11:08:00
200000167,CN,上海市,上海市,徐汇区,上海市上海市徐汇区张江路912号,633030,2024-09-01 17:19:00,2024-09-01 17:19:00
200000168,CN,江苏省,苏州市,吴中区,江苏省苏州市吴中区高新南七道719号,211486,2026-02-12 18:29:00,2026-02-12 18:29:00
200000169,CN,北京市,北京市,海淀区,北京市北京市海淀区星湖街987号,623059,2026-03-26 07:13:00,2026-03-26 07:13:00
200000170,CN,浙江省,杭州市,滨江区,浙江省杭州市滨江区人民路987号,459513,2025-06-02 09:09:00,2025-06-02 09:09:00
200000171,CN,江苏省,苏州市,吴中区,江苏省苏州市吴中区文一西路780号,469348,2024-09-01 08:23:00,2024-09-01 08:23:00
200000172,CN,江苏省,苏州市,工业园区,江苏省苏州市工业园区科技南一道368号,953568,2024-12-22 20:21:00,2024-12-22 20:21:00
200000173,CN,北京市,北京市,朝阳区,北京市北京市朝阳区高新南七道774号,716966,2024-09-17 00:22:00,2024-09-17 00:22:00
200000174,CN,江苏省,苏州市,工业园区,江苏省苏州市工业园区高新南七道478号,844163,2025-10-23 22:51:00,2025-10-23 22:51:00
200000175,CN,广东省,深圳市,福田区,广东省深圳市福田区建国路905号,323717,2024-05-20 13:39:00,2024-05-20 13:39:00
200000176,CN,广东省,深圳市,福田区,广东省深圳市福田区张江路554号,859143,2025-06-14 23:02:00,2025-06-14 23:02:00
200000177,CN,浙江省,杭州市,西湖区,浙江省杭州市西湖区人民路663号,956429,2026-01-16 00:17:00,2026-01-16 00:17:00
200000178,CN,广东省,深圳市,福田区,广东省深圳市福田区文一西路548号,106185,2024-06-12 00:21:00,2024-06-12 00:21:00
200000179,CN,北京市,北京市,丰台区,北京市北京市丰台区张江路984号,764845,2025-11-03 14:17:00,2025-11-03 14:17:00
200000180,CN,上海市,上海市,浦东新区,上海市上海市浦东新区星湖街189号,331512,2024-07-07 15:48:00,2024-07-07 15:48:00
200000181,CN,广东省,深圳市,南山区,广东省深圳市南山区高新南七道498号,572536,2025-04-28 04:18:00,2025-04-28 04:18:00
200000182,CN,江苏省,苏州市,虎丘区,江苏省苏州市虎丘区创新大道565号,214119,2025-10-02 03:22:00,2025-10-02 03:22:00
200000183,CN,上海市,上海市,闵行区,上海市上海市闵行区星湖街375号,511564,2025-08-14 05:14:00,2025-08-14 05:14:00
200000184,CN,上海市,上海市,徐汇区,上海市上海市徐汇区星湖街754号,867562,2024-11-20 12:58:00,2024-11-20 12:58:00
200000185,CN,上海市,上海市,徐汇区,上海市上海市徐汇区张江路855号,877948,2025-07-04 05:26:00,2025-07-04 05:26:00
200000186,CN,浙江省,杭州市,滨江区,浙江省杭州市滨江区星湖街236号,180832,2024-10-20 03:43:00,2024-10-20 03:43:00
200000187,CN,广东省,深圳市,南山区,广东省深圳市南山区星湖街138号,760120,2024-10-22 22:03:00,2024-10-22 22:03:00
200000188,CN,北京市,北京市,丰台区,北京市北京市丰台区星湖街814号,710948,2023-12-11 18:21:00,2023-12-11 18:21:00
200000189,CN,上海市,上海市,徐汇区,上海市上海市徐汇区科技南一道899号,921945,2024-10-02 07:12:00,2024-10-02 07:12:00
200000190,CN,上海市,上海市,浦东新区,上海市上海市浦东新区人民路138号,366881,2024-11-27 16:02:00,2024-11-27 16:02:00
200000191,CN,上海市,上海市,闵行区,上海市上海市闵行区张江路876号,662146,2025-01-21 05:37:00,2025-01-21 05:37:00
200000192,CN,浙江省,杭州市,余杭区,浙江省杭州市余杭区建国路521号,520018,2024-01-16 13:09:00,2024-01-16 13:09:00
200000193,CN,北京市,北京市,海淀区,北京市北京市海淀区张江路729号,726495,2026-01-31 18:20:00,2026-01-31 18:20:00
200000194,CN,广东省,深圳市,福田区,广东省深圳市福田区人民路362号,802191,2025-02-19 11:23:00,2025-02-19 11:23:00
200000195,CN,浙江省,杭州市,滨江区,浙江省杭州市滨江区文一西路573号,175902,2024-10-31 14:39:00,2024-10-31 14:39:00
200000196,CN,北京市,北京市,丰台区,北京市北京市丰台区建国路694号,835236,2025-08-07 13:34:00,2025-08-07 13:34:00
200000197,CN,浙江省,杭州市,滨江区,浙江省杭州市滨江区建国路241号,871153,2025-07-26 15:47:00,2025-07-26 15:47:00
200000198,CN,上海市,上海市,闵行区,上海市上海市闵行区创新大道188号,901387,2024-10-23 15:35:00,2024-10-23 15:35:00
200000199,CN,广东省,深圳市,宝安区,广东省深圳市宝安区建国路389号,709231,2025-12-17 13:37:00,2025-12-17 13:37:00
200000200,CN,上海市,上海市,徐汇区,上海市上海市徐汇区建国路834号,204721,2024-03-22 15:09:00,2024-03-22 15:09:00
200000201,CN,上海市,上海市,浦东新区,上海市上海市浦东新区人民路102号,824087,2025-10-14 22:47:00,2025-10-14 22:47:00
200000202,CN,浙江省,杭州市,西湖区,浙江省杭州市西湖区星湖街800号,398433,2025-04-01 13:17:00,2025-04-01 13:17:00
200000203,CN,江苏省,苏州市,工业园区,江苏省苏州市工业园区高新南七道325号,784733,2025-06-05 01:43:00,2025-06-05 01:43:00
200000204,CN,广东省,深圳市,南山区,广东省深圳市南山区文一西路960号,596171,2024-09-15 22:59:00,2024-09-15 22:59:00
200000205,CN,江苏省,苏州市,虎丘区,江苏省苏州市虎丘区创新大道479号,666843,2025-06-25 06:32:00,2025-06-25 06:32:00
200000206,CN,浙江省,杭州市,滨江区,浙江省杭州市滨江区科技南一道1号,648736,2023-12-17 19:38:00,2023-12-17 19:38:00
200000207,CN,北京市,北京市,海淀区,北京市北京市海淀区建国路270号,183057,2025-01-22 03:45:00,2025-01-22 03:45:00
200000208,CN,浙江省,杭州市,余杭区,浙江省杭州市余杭区科技南一道191号,207241,2025-06-15 15:52:00,2025-06-15 15:52:00
200000209,CN,北京市,北京市,朝阳区,北京市北京市朝阳区创新大道186号,301528,2023-11-20 15:08:00,2023-11-20 15:08:00
200000210,CN,浙江省,杭州市,西湖区,浙江省杭州市西湖区科技南一道763号,676276,2024-10-13 20:44:00,2024-10-13 20:44:00
200000211,CN,广东省,深圳市,宝安区,广东省深圳市宝安区创新大道705号,725173,2025-10-23 12:11:00,2025-10-23 12:11:00
200000212,CN,江苏省,苏州市,虎丘区,江苏省苏州市虎丘区建国路22号,822730,2025-03-09 12:14:00,2025-03-09 12:14:00
200000213,CN,北京市,北京市,海淀区,北京市北京市海淀区张江路555号,484945,2024-12-21 23:11:00,2024-12-21 23:11:00
200000214,CN,江苏省,苏州市,虎丘区,江苏省苏州市虎丘区人民路657号,437666,2025-12-07 20:27:00,2025-12-07 20:27:00
200000215,CN,上海市,上海市,徐汇区,上海市上海市徐汇区文一西路14号,318877,2024-05-28 08:01:00,2024-05-28 08:01:00
200000216,CN,浙江省,杭州市,西湖区,浙江省杭州市西湖区人民路195号,302500,2024-10-08 02:45:00,2024-10-08 02:45:00
200000217,CN,浙江省,杭州市,西湖区,浙江省杭州市西湖区创新大道956号,469438,2025-05-12 06:40:00,2025-05-12 06:40:00
200000218,CN,江苏省,苏州市,吴中区,江苏省苏州市吴中区科技南一道531号,241647,2025-05-25 23:41:00,2025-05-25 23:41:00
200000219,CN,上海市,上海市,浦东新区,上海市上海市浦东新区建国路263号,950472,2025-05-27 21:24:00,2025-05-27 21:24:00
200000220,CN,江苏省,苏州市,虎丘区,江苏省苏州市虎丘区人民路427号,226395,2023-10-22 16:13:00,2023-10-22 16:13:00
200000221,CN,北京市,北京市,朝阳区,北京市北京市朝阳区星湖街345号,186554,2024-11-28 05:13:00,2024-11-28 05:13:00
200000222,CN,北京市,北京市,海淀区,北京市北京市海淀区文一西路116号,804378,2025-01-31 10:37:00,2025-01-31 10:37:00
200000223,CN,浙江省,杭州市,西湖区,浙江省杭州市西湖区文一西路116号,875507,2026-02-03 16:21:00,2026-02-03 16:21:00
200000224,CN,浙江省,杭州市,西湖区,浙江省杭州市西湖区科技南一道386号,711324,2024-05-20 07:58:00,2024-05-20 07:58:00
200000225,CN,北京市,北京市,朝阳区,北京市北京市朝阳区人民路521号,844162,2025-12-19 13:29:00,2025-12-19 13:29:00
200000226,CN,江苏省,苏州市,吴中区,江苏省苏州市吴中区张江路242号,625600,2025-06-21 22:20:00,2025-06-21 22:20:00
200000227,CN,江苏省,苏州市,吴中区,江苏省苏州市吴中区高新南七道460号,668573,2025-11-16 17:19:00,2025-11-16 17:19:00
200000228,CN,广东省,深圳市,南山区,广东省深圳市南山区高新南七道860号,252591,2024-03-16 23:12:00,2024-03-16 23:12:00
200000229,CN,广东省,深圳市,福田区,广东省深圳市福田区文一西路705号,917707,2024-11-27 19:28:00,2024-11-27 19:28:00
200000230,CN,北京市,北京市,丰台区,北京市北京市丰台区创新大道705号,440677,2023-10-25 09:04:00,2023-10-25 09:04:00
200000231,CN,北京市,北京市,丰台区,北京市北京市丰台区科技南一道572号,506216,2024-10-18 03:57:00,2024-10-18 03:57:00
200000232,CN,上海市,上海市,徐汇区,上海市上海市徐汇区星湖街403号,533648,2025-05-03 09:59:00,2025-05-03 09:59:00
200000233,CN,广东省,深圳市,南山区,广东省深圳市南山区高新南七道580号,791567,2023-10-29 19:50:00,2023-10-29 19:50:00
200000234,CN,广东省,深圳市,宝安区,广东省深圳市宝安区创新大道244号,327408,2024-08-05 02:30:00,2024-08-05 02:30:00
200000235,CN,广东省,深圳市,宝安区,广东省深圳市宝安区张江路340号,191962,2026-02-08 20:34:00,2026-02-08 20:34:00
200000236,CN,北京市,北京市,朝阳区,北京市北京市朝阳区人民路864号,677210,2026-01-23 14:30:00,2026-01-23 14:30:00
200000237,CN,江苏省,苏州市,虎丘区,江苏省苏州市虎丘区高新南七道950号,236014,2024-07-09 05:29:00,2024-07-09 05:29:00
200000238,CN,江苏省,苏州市,吴中区,江苏省苏州市吴中区建国路12号,771736,2025-09-05 01:42:00,2025-09-05 01:42:00
200000239,CN,北京市,北京市,海淀区,北京市北京市海淀区科技南一道662号,242348,2024-11-22 19:20:00,2024-11-22 19:20:00
200000240,CN,浙江省,杭州市,滨江区,浙江省杭州市滨江区科技南一道348号,493468,2024-06-27 06:07:00,2024-06-27 06:07:00
200000241,CN,广东省,深圳市,南山区,广东省深圳市南山区文一西路455号,630573,2026-03-05 08:03:00,2026-03-05 08:03:00
200000242,CN,上海市,上海市,浦东新区,上海市上海市浦东新区科技南一道319号,146168,2024-04-26 04:05:00,2024-04-26 04:05:00
200000243,CN,江苏省,苏州市,工业园区,江苏省苏州市工业园区星湖街281号,220020,2026-03-15 04:25:00,2026-03-15 04:25:00
200000244,CN,北京市,北京市,丰台区,北京市北京市丰台区科技南一道109号,502233,2026-02-03 21:33:00,2026-02-03 21:33:00
200000245,CN,浙江省,杭州市,西湖区,浙江省杭州市西湖区张江路935号,481104,2025-02-22 18:16:00,2025-02-22 18:16:00
200000246,CN,广东省,深圳市,福田区,广东省深圳市福田区文一西路812号,416793,2024-10-01 09:35:00,2024-10-01 09:35:00
200000247,CN,广东省,深圳市,宝安区,广东省深圳市宝安区创新大道118号,720928,2024-07-28 09:40:00,2024-07-28 09:40:00
200000248,CN,广东省,深圳市,南山区,广东省深圳市南山区星湖街464号,657062,2025-06-05 11:21:00,2025-06-05 11:21:00
200000249,CN,广东省,深圳市,福田区,广东省深圳市福田区科技南一道1号,837520,2024-09-03 12:53:00,2024-09-03 12:53:00
200000250,CN,江苏省,苏州市,虎丘区,江苏省苏州市虎丘区星湖街296号,802615,2025-11-22 20:00:00,2025-11-22 20:00:00
200000251,CN,上海市,上海市,闵行区,上海市上海市闵行区人民路364号,336706,2025-09-21 10:22:00,2025-09-21 10:22:00
200000252,CN,上海市,上海市,闵行区,上海市上海市闵行区创新大道530号,182034,2024-10-11 04:55:00,2024-10-11 04:55:00
200000253,CN,上海市,上海市,徐汇区,上海市上海市徐汇区张江路745号,923154,2024-08-30 15:57:00,2024-08-30 15:57:00
200000254,CN,广东省,深圳市,宝安区,广东省深圳市宝安区星湖街932号,720515,2024-03-04 19:18:00,2024-03-04 19:18:00
200000255,CN,浙江省,杭州市,西湖区,浙江省杭州市西湖区创新大道744号,768545,2025-10-10 17:24:00,2025-10-10 17:24:00
200000256,CN,北京市,北京市,朝阳区,北京市北京市朝阳区张江路950号,936039,2024-12-26 11:17:00,2024-12-26 11:17:00
200000257,CN,浙江省,杭州市,西湖区,浙江省杭州市西湖区建国路533号,453796,2024-05-06 01:49:00,2024-05-06 01:49:00
200000258,CN,浙江省,杭州市,西湖区,浙江省杭州市西湖区文一西路726号,225805,2026-01-01 04:52:00,2026-01-01 04:52:00
200000259,CN,广东省,深圳市,福田区,广东省深圳市福田区人民路341号,162976,2025-07-09 15:49:00,2025-07-09 15:49:00
200000260,CN,江苏省,苏州市,虎丘区,江苏省苏州市虎丘区科技南一道919号,621877,2025-10-29 03:20:00,2025-10-29 03:20:00
200000261,CN,北京市,北京市,朝阳区,北京市北京市朝阳区高新南七道342号,814956,2025-05-24 11:57:00,2025-05-24 11:57:00
200000262,CN,江苏省,苏州市,虎丘区,江苏省苏州市虎丘区文一西路907号,763529,2025-01-06 00:48:00,2025-01-06 00:48:00
200000263,CN,广东省,深圳市,福田区,广东省深圳市福田区文一西路217号,946309,2024-05-30 02:27:00,2024-05-30 02:27:00
200000264,CN,广东省,深圳市,福田区,广东省深圳市福田区星湖街856号,719752,2026-01-24 20:53:00,2026-01-24 20:53:00
200000265,CN,广东省,深圳市,南山区,广东省深圳市南山区张江路145号,894348,2025-01-29 18:16:00,2025-01-29 18:16:00
200000266,CN,北京市,北京市,丰台区,北京市北京市丰台区创新大道709号,233056,2025-08-31 19:20:00,2025-08-31 19:20:00
200000267,CN,浙江省,杭州市,余杭区,浙江省杭州市余杭区文一西路634号,479481,2023-10-29 06:28:00,2023-10-29 06:28:00
200000268,CN,上海市,上海市,闵行区,上海市上海市闵行区科技南一道107号,876383,2026-02-05 06:49:00,2026-02-05 06:49:00
200000269,CN,北京市,北京市,朝阳区,北京市北京市朝阳区人民路913号,331381,2026-01-14 08:23:00,2026-01-14 08:23:00
200000270,CN,广东省,深圳市,福田区,广东省深圳市福田区星湖街114号,993021,2024-12-09 09:34:00,2024-12-09 09:34:00
200000271,CN,北京市,北京市,海淀区,北京市北京市海淀区科技南一道748号,548906,2024-03-07 16:45:00,2024-03-07 16:45:00
200000272,CN,广东省,深圳市,福田区,广东省深圳市福田区创新大道247号,187127,2024-09-05 23:16:00,2024-09-05 23:16:00
200000273,CN,北京市,北京市,朝阳区,北京市北京市朝阳区高新南七道642号,586849,2024-04-09 04:00:00,2024-04-09 04:00:00
200000274,CN,江苏省,苏州市,工业园区,江苏省苏州市工业园区文一西路393号,483349,2024-12-09 04:58:00,2024-12-09 04:58:00
200000275,CN,上海市,上海市,徐汇区,上海市上海市徐汇区人民路284号,157105,2026-01-25 12:38:00,2026-01-25 12:38:00
200000276,CN,江苏省,苏州市,工业园区,江苏省苏州市工业园区文一西路169号,389346,2025-12-06 01:51:00,2025-12-06 01:51:00
200000277,CN,北京市,北京市,丰台区,北京市北京市丰台区高新南七道672号,777433,2024-01-15 13:29:00,2024-01-15 13:29:00
200000278,CN,浙江省,杭州市,西湖区,浙江省杭州市西湖区星湖街729号,661320,2025-06-11 18:49:00,2025-06-11 18:49:00
200000279,CN,浙江省,杭州市,西湖区,浙江省杭州市西湖区张江路125号,126135,2025-02-09 08:11:00,2025-02-09 08:11:00
200000280,CN,广东省,深圳市,福田区,广东省深圳市福田区科技南一道412号,747518,2023-11-20 16:32:00,2023-11-20 16:32:00
200000281,CN,上海市,上海市,徐汇区,上海市上海市徐汇区科技南一道931号,799155,2025-03-26 11:51:00,2025-03-26 11:51:00
200000282,CN,北京市,北京市,丰台区,北京市北京市丰台区人民路143号,976097,2024-08-06 04:55:00,2024-08-06 04:55:00
200000283,CN,上海市,上海市,浦东新区,上海市上海市浦东新区建国路191号,972712,2025-03-05 14:25:00,2025-03-05 14:25:00
200000284,CN,浙江省,杭州市,余杭区,浙江省杭州市余杭区文一西路784号,390683,2024-11-11 21:22:00,2024-11-11 21:22:00
200000285,CN,浙江省,杭州市,滨江区,浙江省杭州市滨江区星湖街55号,385915,2025-03-26 10:20:00,2025-03-26 10:20:00
200000286,CN,上海市,上海市,闵行区,上海市上海市闵行区星湖街14号,243601,2024-10-16 14:37:00,2024-10-16 14:37:00
200000287,CN,广东省,深圳市,南山区,广东省深圳市南山区星湖街946号,118223,2024-11-24 12:41:00,2024-11-24 12:41:00
200000288,CN,广东省,深圳市,福田区,广东省深圳市福田区文一西路80号,119719,2024-01-27 08:12:00,2024-01-27 08:12:00
200000289,CN,浙江省,杭州市,余杭区,浙江省杭州市余杭区高新南七道30号,195189,2025-11-01 00:43:00,2025-11-01 00:43:00
200000290,CN,广东省,深圳市,南山区,广东省深圳市南山区创新大道376号,832045,2024-08-04 18:32:00,2024-08-04 18:32:00
200000291,CN,广东省,深圳市,福田区,广东省深圳市福田区张江路468号,729554,2024-03-07 14:17:00,2024-03-07 14:17:00
200000292,CN,广东省,深圳市,南山区,广东省深圳市南山区星湖街405号,520085,2024-04-18 05:54:00,2024-04-18 05:54:00
200000293,CN,北京市,北京市,丰台区,北京市北京市丰台区张江路151号,905305,2024-12-20 20:53:00,2024-12-20 20:53:00
200000294,CN,上海市,上海市,浦东新区,上海市上海市浦东新区文一西路677号,888119,2024-10-14 08:10:00,2024-10-14 08:10:00
200000295,CN,北京市,北京市,海淀区,北京市北京市海淀区科技南一道34号,285460,2024-09-06 02:05:00,2024-09-06 02:05:00
200000296,CN,上海市,上海市,浦东新区,上海市上海市浦东新区人民路270号,618721,2024-08-02 11:21:00,2024-08-02 11:21:00
200000297,CN,江苏省,苏州市,虎丘区,江苏省苏州市虎丘区高新南七道58号,793360,2025-07-23 16:45:00,2025-07-23 16:45:00
200000298,CN,江苏省,苏州市,虎丘区,江苏省苏州市虎丘区人民路331号,700350,2025-12-20 08:54:00,2025-12-20 08:54:00
200000299,CN,江苏省,苏州市,吴中区,江苏省苏州市吴中区人民路824号,336858,2024-06-29 00:55:00,2024-06-29 00:55:00
200000300,CN,江苏省,苏州市,吴中区,江苏省苏州市吴中区创新大道688号,900527,2024-09-16 18:04:00,2024-09-16 18:04:00
200000301,CN,浙江省,杭州市,余杭区,浙江省杭州市余杭区张江路865号,556538,2025-02-03 13:05:00,2025-02-03 13:05:00
200000302,CN,北京市,北京市,海淀区,北京市北京市海淀区科技南一道207号,267099,2025-06-24 19:59:00,2025-06-24 19:59:00
200000303,CN,浙江省,杭州市,余杭区,浙江省杭州市余杭区文一西路585号,870158,2024-11-03 20:27:00,2024-11-03 20:27:00
200000304,CN,江苏省,苏州市,虎丘区,江苏省苏州市虎丘区人民路261号,718115,2026-02-01 08:26:00,2026-02-01 08:26:00
200000305,CN,浙江省,杭州市,滨江区,浙江省杭州市滨江区人民路317号,769986,2024-04-12 12:03:00,2024-04-12 12:03:00
200000306,CN,江苏省,苏州市,吴中区,江苏省苏州市吴中区人民路809号,135527,2025-06-23 21:08:00,2025-06-23 21:08:00
200000307,CN,浙江省,杭州市,余杭区,浙江省杭州市余杭区人民路205号,758816,2025-05-22 13:24:00,2025-05-22 13:24:00
200000308,CN,江苏省,苏州市,工业园区,江苏省苏州市工业园区文一西路425号,485456,2025-09-25 11:04:00,2025-09-25 11:04:00
200000309,CN,浙江省,杭州市,西湖区,浙江省杭州市西湖区文一西路15号,853489,2024-10-08 10:11:00,2024-10-08 10:11:00
200000310,CN,浙江省,杭州市,余杭区,浙江省杭州市余杭区张江路269号,346924,2024-07-06 09:02:00,2024-07-06 09:02:00
200000311,CN,江苏省,苏州市,工业园区,江苏省苏州市工业园区创新大道931号,471512,2024-07-18 02:09:00,2024-07-18 02:09:00
200000312,CN,北京市,北京市,朝阳区,北京市北京市朝阳区文一西路325号,844756,2024-10-03 10:51:00,2024-10-03 10:51:00
200000313,CN,江苏省,苏州市,吴中区,江苏省苏州市吴中区创新大道783号,258612,2024-09-07 02:20:00,2024-09-07 02:20:00
200000314,CN,上海市,上海市,闵行区,上海市上海市闵行区创新大道505号,217955,2023-11-15 00:05:00,2023-11-15 00:05:00
200000315,CN,浙江省,杭州市,滨江区,浙江省杭州市滨江区文一西路909号,444622,2026-03-04 14:17:00,2026-03-04 14:17:00
200000316,CN,上海市,上海市,闵行区,上海市上海市闵行区高新南七道971号,867080,2024-03-09 05:52:00,2024-03-09 05:52:00
200000317,CN,北京市,北京市,海淀区,北京市北京市海淀区星湖街124号,413048,2024-11-13 10:13:00,2024-11-13 10:13:00
200000318,CN,北京市,北京市,朝阳区,北京市北京市朝阳区科技南一道526号,458345,2024-12-11 02:46:00,2024-12-11 02:46:00
200000319,CN,上海市,上海市,浦东新区,上海市上海市浦东新区文一西路940号,147285,2024-10-21 20:28:00,2024-10-21 20:28:00
200000320,CN,北京市,北京市,丰台区,北京市北京市丰台区张江路322号,715732,2024-03-19 09:12:00,2024-03-19 09:12:00
200000321,CN,北京市,北京市,海淀区,北京市北京市海淀区人民路890号,789666,2024-02-27 04:14:00,2024-02-27 04:14:00
200000322,CN,上海市,上海市,浦东新区,上海市上海市浦东新区文一西路309号,907111,2024-12-11 19:30:00,2024-12-11 19:30:00
200000323,CN,北京市,北京市,海淀区,北京市北京市海淀区创新大道755号,706770,2024-07-28 00:25:00,2024-07-28 00:25:00
200000324,CN,北京市,北京市,海淀区,北京市北京市海淀区文一西路507号,752944,2024-06-07 12:32:00,2024-06-07 12:32:00
200000325,CN,江苏省,苏州市,虎丘区,江苏省苏州市虎丘区星湖街637号,317273,2025-06-14 01:13:00,2025-06-14 01:13:00
200000326,CN,浙江省,杭州市,余杭区,浙江省杭州市余杭区科技南一道827号,166758,2025-04-19 10:53:00,2025-04-19 10:53:00
200000327,CN,广东省,深圳市,南山区,广东省深圳市南山区文一西路844号,689795,2026-02-16 07:54:00,2026-02-16 07:54:00
200000328,CN,北京市,北京市,朝阳区,北京市北京市朝阳区建国路855号,948450,2024-11-30 13:42:00,2024-11-30 13:42:00
200000329,CN,上海市,上海市,徐汇区,上海市上海市徐汇区高新南七道967号,131208,2025-01-01 19:11:00,2025-01-01 19:11:00
200000330,CN,上海市,上海市,闵行区,上海市上海市闵行区高新南七道932号,460875,2026-03-22 15:03:00,2026-03-22 15:03:00
200000331,CN,浙江省,杭州市,西湖区,浙江省杭州市西湖区张江路219号,197328,2024-10-23 06:41:00,2024-10-23 06:41:00
200000332,CN,广东省,深圳市,福田区,广东省深圳市福田区张江路587号,872652,2026-03-25 09:39:00,2026-03-25 09:39:00
200000333,CN,北京市,北京市,海淀区,北京市北京市海淀区文一西路95号,165214,2025-01-19 19:30:00,2025-01-19 19:30:00
200000334,CN,北京市,北京市,丰台区,北京市北京市丰台区创新大道133号,838747,2024-10-21 07:53:00,2024-10-21 07:53:00
200000335,CN,江苏省,苏州市,虎丘区,江苏省苏州市虎丘区张江路498号,129336,2024-01-10 19:51:00,2024-01-10 19:51:00
200000336,CN,江苏省,苏州市,虎丘区,江苏省苏州市虎丘区创新大道855号,855009,2023-11-28 04:52:00,2023-11-28 04:52:00
200000337,CN,广东省,深圳市,南山区,广东省深圳市南山区科技南一道586号,760717,2024-01-05 01:41:00,2024-01-05 01:41:00
200000338,CN,浙江省,杭州市,余杭区,浙江省杭州市余杭区创新大道87号,946118,2024-09-30 04:40:00,2024-09-30 04:40:00
200000339,CN,江苏省,苏州市,工业园区,江苏省苏州市工业园区星湖街315号,527060,2024-05-05 18:57:00,2024-05-05 18:57:00
200000340,CN,上海市,上海市,闵行区,上海市上海市闵行区文一西路276号,163577,2025-05-09 09:25:00,2025-05-09 09:25:00
200000341,CN,上海市,上海市,浦东新区,上海市上海市浦东新区星湖街383号,666692,2025-10-09 16:26:00,2025-10-09 16:26:00
200000342,CN,上海市,上海市,闵行区,上海市上海市闵行区科技南一道166号,875089,2024-09-30 05:56:00,2024-09-30 05:56:00
200000343,CN,江苏省,苏州市,虎丘区,江苏省苏州市虎丘区建国路471号,728635,2025-04-28 23:02:00,2025-04-28 23:02:00
200000344,CN,江苏省,苏州市,虎丘区,江苏省苏州市虎丘区星湖街860号,905270,2023-12-20 02:00:00,2023-12-20 02:00:00
200000345,CN,北京市,北京市,丰台区,北京市北京市丰台区建国路8号,305611,2023-12-11 03:35:00,2023-12-11 03:35:00
200000346,CN,江苏省,苏州市,工业园区,江苏省苏州市工业园区科技南一道994号,826648,2024-05-05 06:21:00,2024-05-05 06:21:00
200000347,CN,广东省,深圳市,宝安区,广东省深圳市宝安区建国路49号,391433,2025-01-24 06:32:00,2025-01-24 06:32:00
200000348,CN,广东省,深圳市,南山区,广东省深圳市南山区创新大道443号,947311,2026-03-06 05:09:00,2026-03-06 05:09:00
200000349,CN,广东省,深圳市,福田区,广东省深圳市福田区高新南七道912号,988869,2024-04-19 21:10:00,2024-04-19 21:10:00
200000350,CN,上海市,上海市,浦东新区,上海市上海市浦东新区创新大道394号,586758,2024-01-06 10:04:00,2024-01-06 10:04:00
200000351,CN,上海市,上海市,闵行区,上海市上海市闵行区高新南七道432号,604783,2024-03-18 04:32:00,2024-03-18 04:32:00
200000352,CN,广东省,深圳市,宝安区,广东省深圳市宝安区星湖街59号,348918,2024-10-27 06:06:00,2024-10-27 06:06:00
200000353,CN,江苏省,苏州市,工业园区,江苏省苏州市工业园区文一西路466号,927527,2026-02-15 08:46:00,2026-02-15 08:46:00
200000354,CN,上海市,上海市,浦东新区,上海市上海市浦东新区星湖街298号,561801,2025-09-12 03:23:00,2025-09-12 03:23:00
200000355,CN,江苏省,苏州市,工业园区,江苏省苏州市工业园区科技南一道852号,810360,2025-11-10 11:19:00,2025-11-10 11:19:00
200000356,CN,浙江省,杭州市,西湖区,浙江省杭州市西湖区人民路712号,492435,2025-05-09 04:33:00,2025-05-09 04:33:00
200000357,CN,北京市,北京市,丰台区,北京市北京市丰台区文一西路172号,633320,2025-02-26 03:12:00,2025-02-26 03:12:00
200000358,CN,北京市,北京市,朝阳区,北京市北京市朝阳区人民路224号,420863,2025-01-19 11:24:00,2025-01-19 11:24:00
200000359,CN,北京市,北京市,海淀区,北京市北京市海淀区张江路392号,125918,2025-09-28 09:46:00,2025-09-28 09:46:00
200000360,CN,江苏省,苏州市,虎丘区,江苏省苏州市虎丘区张江路764号,955181,2024-02-03 02:06:00,2024-02-03 02:06:00
200000361,CN,浙江省,杭州市,滨江区,浙江省杭州市滨江区建国路529号,715517,2024-01-16 06:12:00,2024-01-16 06:12:00
200000362,CN,广东省,深圳市,福田区,广东省深圳市福田区高新南七道348号,336444,2025-01-25 10:17:00,2025-01-25 10:17:00
200000363,CN,北京市,北京市,朝阳区,北京市北京市朝阳区人民路193号,597840,2025-12-09 13:24:00,2025-12-09 13:24:00
200000364,CN,上海市,上海市,浦东新区,上海市上海市浦东新区创新大道59号,486559,2024-10-16 23:50:00,2024-10-16 23:50:00
200000365,CN,上海市,上海市,闵行区,上海市上海市闵行区建国路515号,851589,2024-04-28 09:43:00,2024-04-28 09:43:00
200000366,CN,北京市,北京市,海淀区,北京市北京市海淀区张江路401号,742805,2023-12-08 18:34:00,2023-12-08 18:34:00
200000367,CN,浙江省,杭州市,滨江区,浙江省杭州市滨江区人民路781号,679677,2025-11-26 12:56:00,2025-11-26 12:56:00
200000368,CN,广东省,深圳市,宝安区,广东省深圳市宝安区星湖街335号,802855,2024-02-23 09:29:00,2024-02-23 09:29:00
200000369,CN,浙江省,杭州市,余杭区,浙江省杭州市余杭区科技南一道694号,386525,2025-10-24 09:38:00,2025-10-24 09:38:00
200000370,CN,浙江省,杭州市,余杭区,浙江省杭州市余杭区文一西路17号,542166,2026-03-02 23:39:00,2026-03-02 23:39:00
200000371,CN,北京市,北京市,朝阳区,北京市北京市朝阳区建国路219号,211028,2025-03-30 13:49:00,2025-03-30 13:49:00
200000372,CN,上海市,上海市,浦东新区,上海市上海市浦东新区张江路983号,199346,2024-07-24 13:20:00,2024-07-24 13:20:00
200000373,CN,广东省,深圳市,福田区,广东省深圳市福田区建国路756号,549312,2024-02-14 16:21:00,2024-02-14 16:21:00
200000374,CN,广东省,深圳市,宝安区,广东省深圳市宝安区人民路664号,952188,2025-06-08 23:46:00,2025-06-08 23:46:00
200000375,CN,广东省,深圳市,南山区,广东省深圳市南山区创新大道72号,301814,2026-02-05 03:51:00,2026-02-05 03:51:00
200000376,CN,江苏省,苏州市,吴中区,江苏省苏州市吴中区创新大道991号,766478,2025-09-05 15:05:00,2025-09-05 15:05:00
200000377,CN,江苏省,苏州市,吴中区,江苏省苏州市吴中区星湖街567号,861945,2025-10-02 15:36:00,2025-10-02 15:36:00
200000378,CN,江苏省,苏州市,虎丘区,江苏省苏州市虎丘区创新大道316号,772188,2024-08-05 21:34:00,2024-08-05 21:34:00
200000379,CN,浙江省,杭州市,余杭区,浙江省杭州市余杭区创新大道36号,952624,2025-03-25 03:15:00,2025-03-25 03:15:00
200000380,CN,广东省,深圳市,宝安区,广东省深圳市宝安区建国路898号,543489,2025-10-12 10:44:00,2025-10-12 10:44:00
200000381,CN,北京市,北京市,朝阳区,北京市北京市朝阳区文一西路72号,911329,2024-04-16 10:27:00,2024-04-16 10:27:00
200000382,CN,浙江省,杭州市,滨江区,浙江省杭州市滨江区人民路452号,757286,2024-06-29 20:05:00,2024-06-29 20:05:00
200000383,CN,广东省,深圳市,南山区,广东省深圳市南山区建国路535号,930248,2026-03-23 11:22:00,2026-03-23 11:22:00
200000384,CN,江苏省,苏州市,虎丘区,江苏省苏州市虎丘区文一西路4号,579114,2023-10-21 01:35:00,2023-10-21 01:35:00
200000385,CN,江苏省,苏州市,吴中区,江苏省苏州市吴中区创新大道240号,736237,2024-11-19 11:13:00,2024-11-19 11:13:00
200000386,CN,江苏省,苏州市,吴中区,江苏省苏州市吴中区创新大道173号,567965,2025-12-02 08:18:00,2025-12-02 08:18:00
200000387,CN,上海市,上海市,徐汇区,上海市上海市徐汇区创新大道93号,934184,2024-04-21 13:05:00,2024-04-21 13:05:00
200000388,CN,上海市,上海市,浦东新区,上海市上海市浦东新区文一西路587号,485600,2025-11-20 13:36:00,2025-11-20 13:36:00
200000389,CN,上海市,上海市,闵行区,上海市上海市闵行区高新南七道149号,955793,2025-05-31 16:29:00,2025-05-31 16:29:00
200000390,CN,北京市,北京市,朝阳区,北京市北京市朝阳区高新南七道157号,968100,2024-03-27 17:06:00,2024-03-27 17:06:00
200000391,CN,江苏省,苏州市,虎丘区,江苏省苏州市虎丘区建国路718号,997845,2024-09-15 11:54:00,2024-09-15 11:54:00
200000392,CN,浙江省,杭州市,滨江区,浙江省杭州市滨江区人民路696号,982544,2025-10-09 22:54:00,2025-10-09 22:54:00
200000393,CN,北京市,北京市,丰台区,北京市北京市丰台区文一西路797号,586197,2023-10-27 03:36:00,2023-10-27 03:36:00
200000394,CN,北京市,北京市,海淀区,北京市北京市海淀区星湖街102号,441027,2026-01-24 01:02:00,2026-01-24 01:02:00
200000395,CN,广东省,深圳市,南山区,广东省深圳市南山区星湖街6号,681667,2024-12-28 13:53:00,2024-12-28 13:53:00
200000396,CN,上海市,上海市,闵行区,上海市上海市闵行区创新大道144号,705103,2024-11-13 01:40:00,2024-11-13 01:40:00
200000397,CN,上海市,上海市,闵行区,上海市上海市闵行区文一西路564号,367352,2025-07-07 11:19:00,2025-07-07 11:19:00
200000398,CN,江苏省,苏州市,虎丘区,江苏省苏州市虎丘区人民路27号,732928,2025-07-20 21:43:00,2025-07-20 21:43:00
200000399,CN,广东省,深圳市,南山区,广东省深圳市南山区张江路603号,961240,2023-12-25 08:54:00,2023-12-25 08:54:00
200000400,CN,上海市,上海市,徐汇区,上海市上海市徐汇区星湖街674号,232506,2025-11-04 11:24:00,2025-11-04 11:24:00
200000401,CN,广东省,深圳市,福田区,广东省深圳市福田区人民路790号,427928,2023-11-16 21:20:00,2023-11-16 21:20:00
200000402,CN,上海市,上海市,徐汇区,上海市上海市徐汇区文一西路416号,114575,2024-07-07 17:02:00,2024-07-07 17:02:00
200000403,CN,浙江省,杭州市,西湖区,浙江省杭州市西湖区高新南七道976号,153379,2025-01-22 08:36:00,2025-01-22 08:36:00
200000404,CN,上海市,上海市,浦东新区,上海市上海市浦东新区创新大道914号,747756,2023-11-13 08:57:00,2023-11-13 08:57:00
200000405,CN,北京市,北京市,朝阳区,北京市北京市朝阳区星湖街788号,788530,2025-07-17 16:30:00,2025-07-17 16:30:00
200000406,CN,浙江省,杭州市,余杭区,浙江省杭州市余杭区建国路292号,142211,2025-11-14 11:34:00,2025-11-14 11:34:00
200000407,CN,广东省,深圳市,南山区,广东省深圳市南山区星湖街160号,460836,2024-11-03 23:11:00,2024-11-03 23:11:00
200000408,CN,广东省,深圳市,福田区,广东省深圳市福田区建国路683号,960471,2025-01-15 17:30:00,2025-01-15 17:30:00
200000409,CN,北京市,北京市,海淀区,北京市北京市海淀区张江路717号,764073,2025-08-06 16:39:00,2025-08-06 16:39:00
200000410,CN,江苏省,苏州市,工业园区,江苏省苏州市工业园区张江路484号,393768,2024-07-17 20:33:00,2024-07-17 20:33:00
200000411,CN,浙江省,杭州市,西湖区,浙江省杭州市西湖区人民路90号,211532,2025-11-17 03:13:00,2025-11-17 03:13:00
200000412,CN,北京市,北京市,丰台区,北京市北京市丰台区张江路913号,896241,2023-11-08 06:38:00,2023-11-08 06:38:00
200000413,CN,浙江省,杭州市,西湖区,浙江省杭州市西湖区人民路507号,817953,2024-10-01 07:56:00,2024-10-01 07:56:00
200000414,CN,江苏省,苏州市,吴中区,江苏省苏州市吴中区张江路566号,224888,2025-10-06 16:58:00,2025-10-06 16:58:00
200000415,CN,上海市,上海市,闵行区,上海市上海市闵行区星湖街419号,741185,2025-06-02 13:57:00,2025-06-02 13:57:00
200000416,CN,江苏省,苏州市,工业园区,江苏省苏州市工业园区人民路160号,567723,2025-08-05 00:14:00,2025-08-05 00:14:00
200000417,CN,上海市,上海市,浦东新区,上海市上海市浦东新区文一西路147号,175548,2025-01-18 16:31:00,2025-01-18 16:31:00
200000418,CN,上海市,上海市,浦东新区,上海市上海市浦东新区科技南一道981号,930116,2025-12-12 06:13:00,2025-12-12 06:13:00
200000419,CN,广东省,深圳市,宝安区,广东省深圳市宝安区张江路106号,636391,2023-11-25 10:51:00,2023-11-25 10:51:00
200000420,CN,上海市,上海市,闵行区,上海市上海市闵行区文一西路370号,188923,2026-02-14 04:51:00,2026-02-14 04:51:00
200000421,CN,浙江省,杭州市,滨江区,浙江省杭州市滨江区星湖街400号,568394,2024-03-22 08:08:00,2024-03-22 08:08:00
200000422,CN,浙江省,杭州市,滨江区,浙江省杭州市滨江区人民路563号,621249,2024-09-25 06:29:00,2024-09-25 06:29:00
200000423,CN,广东省,深圳市,福田区,广东省深圳市福田区高新南七道870号,990586,2023-10-25 19:42:00,2023-10-25 19:42:00
200000424,CN,广东省,深圳市,福田区,广东省深圳市福田区星湖街31号,254021,2025-03-21 19:55:00,2025-03-21 19:55:00
200000425,CN,广东省,深圳市,宝安区,广东省深圳市宝安区星湖街516号,268137,2026-03-19 11:07:00,2026-03-19 11:07:00
200000426,CN,北京市,北京市,朝阳区,北京市北京市朝阳区文一西路837号,826061,2024-12-06 08:40:00,2024-12-06 08:40:00
200000427,CN,上海市,上海市,浦东新区,上海市上海市浦东新区张江路193号,678490,2025-09-05 03:01:00,2025-09-05 03:01:00
200000428,CN,江苏省,苏州市,虎丘区,江苏省苏州市虎丘区高新南七道998号,235808,2024-04-10 02:54:00,2024-04-10 02:54:00
200000429,CN,浙江省,杭州市,西湖区,浙江省杭州市西湖区高新南七道459号,923501,2025-11-16 13:42:00,2025-11-16 13:42:00
200000430,CN,江苏省,苏州市,吴中区,江苏省苏州市吴中区文一西路511号,198685,2024-12-20 13:50:00,2024-12-20 13:50:00
200000431,CN,江苏省,苏州市,虎丘区,江苏省苏州市虎丘区人民路419号,998630,2024-07-04 02:52:00,2024-07-04 02:52:00
200000432,CN,浙江省,杭州市,西湖区,浙江省杭州市西湖区人民路875号,176523,2025-08-14 11:05:00,2025-08-14 11:05:00
200000433,CN,江苏省,苏州市,虎丘区,江苏省苏州市虎丘区创新大道218号,836405,2024-03-01 08:53:00,2024-03-01 08:53:00
200000434,CN,广东省,深圳市,宝安区,广东省深圳市宝安区人民路277号,364315,2024-06-18 18:55:00,2024-06-18 18:55:00
200000435,CN,江苏省,苏州市,虎丘区,江苏省苏州市虎丘区创新大道487号,661519,2024-04-24 18:16:00,2024-04-24 18:16:00
200000436,CN,北京市,北京市,海淀区,北京市北京市海淀区科技南一道462号,972950,2023-11-04 19:20:00,2023-11-04 19:20:00
200000437,CN,江苏省,苏州市,吴中区,江苏省苏州市吴中区文一西路717号,623376,2024-06-04 09:34:00,2024-06-04 09:34:00
200000438,CN,上海市,上海市,浦东新区,上海市上海市浦东新区文一西路826号,977904,2025-12-14 21:19:00,2025-12-14 21:19:00
200000439,CN,浙江省,杭州市,滨江区,浙江省杭州市滨江区文一西路360号,932308,2024-12-10 10:02:00,2024-12-10 10:02:00
200000440,CN,江苏省,苏州市,吴中区,江苏省苏州市吴中区高新南七道344号,278688,2024-08-22 10:45:00,2024-08-22 10:45:00
200000441,CN,上海市,上海市,闵行区,上海市上海市闵行区张江路858号,679763,2025-10-19 13:47:00,2025-10-19 13:47:00
200000442,CN,浙江省,杭州市,余杭区,浙江省杭州市余杭区建国路305号,303244,2024-09-28 16:14:00,2024-09-28 16:14:00
200000443,CN,浙江省,杭州市,余杭区,浙江省杭州市余杭区文一西路507号,985652,2025-03-25 17:35:00,2025-03-25 17:35:00
200000444,CN,上海市,上海市,浦东新区,上海市上海市浦东新区文一西路352号,463629,2024-11-20 04:22:00,2024-11-20 04:22:00
200000445,CN,广东省,深圳市,宝安区,广东省深圳市宝安区星湖街275号,386960,2024-11-22 17:55:00,2024-11-22 17:55:00
200000446,CN,上海市,上海市,闵行区,上海市上海市闵行区星湖街814号,315830,2024-03-21 08:33:00,2024-03-21 08:33:00
200000447,CN,上海市,上海市,徐汇区,上海市上海市徐汇区高新南七道408号,131394,2025-12-03 18:09:00,2025-12-03 18:09:00
200000448,CN,北京市,北京市,海淀区,北京市北京市海淀区建国路540号,328026,2025-12-15 06:43:00,2025-12-15 06:43:00
200000449,CN,江苏省,苏州市,吴中区,江苏省苏州市吴中区人民路243号,704413,2026-03-09 14:59:00,2026-03-09 14:59:00
200000450,CN,北京市,北京市,朝阳区,北京市北京市朝阳区高新南七道506号,742064,2026-02-10 11:41:00,2026-02-10 11:41:00
200000451,CN,广东省,深圳市,福田区,广东省深圳市福田区科技南一道114号,150335,2025-05-23 21:44:00,2025-05-23 21:44:00
200000452,CN,上海市,上海市,闵行区,上海市上海市闵行区创新大道288号,437548,2024-01-29 00:30:00,2024-01-29 00:30:00
200000453,CN,浙江省,杭州市,滨江区,浙江省杭州市滨江区人民路193号,611333,2025-12-13 13:47:00,2025-12-13 13:47:00
200000454,CN,江苏省,苏州市,虎丘区,江苏省苏州市虎丘区星湖街703号,422066,2023-10-22 05:19:00,2023-10-22 05:19:00
200000455,CN,浙江省,杭州市,滨江区,浙江省杭州市滨江区人民路521号,449951,2026-02-04 09:43:00,2026-02-04 09:43:00
200000456,CN,浙江省,杭州市,余杭区,浙江省杭州市余杭区科技南一道917号,137421,2024-08-18 15:45:00,2024-08-18 15:45:00
200000457,CN,江苏省,苏州市,吴中区,江苏省苏州市吴中区科技南一道97号,294069,2024-10-31 01:21:00,2024-10-31 01:21:00
200000458,CN,广东省,深圳市,南山区,广东省深圳市南山区科技南一道609号,469249,2024-11-30 06:00:00,2024-11-30 06:00:00
200000459,CN,江苏省,苏州市,吴中区,江苏省苏州市吴中区创新大道260号,481985,2024-12-16 23:08:00,2024-12-16 23:08:00
200000460,CN,北京市,北京市,海淀区,北京市北京市海淀区建国路763号,193610,2025-09-13 11:20:00,2025-09-13 11:20:00
200000461,CN,北京市,北京市,丰台区,北京市北京市丰台区高新南七道296号,215543,2026-03-22 08:01:00,2026-03-22 08:01:00
200000462,CN,北京市,北京市,海淀区,北京市北京市海淀区科技南一道441号,469366,2024-05-23 23:57:00,2024-05-23 23:57:00
200000463,CN,江苏省,苏州市,工业园区,江苏省苏州市工业园区人民路433号,518500,2025-12-20 15:02:00,2025-12-20 15:02:00
200000464,CN,北京市,北京市,丰台区,北京市北京市丰台区星湖街385号,920411,2023-10-16 10:54:00,2023-10-16 10:54:00
200000465,CN,江苏省,苏州市,工业园区,江苏省苏州市工业园区高新南七道131号,751050,2024-09-20 05:04:00,2024-09-20 05:04:00
200000466,CN,江苏省,苏州市,工业园区,江苏省苏州市工业园区文一西路759号,713015,2024-05-09 07:13:00,2024-05-09 07:13:00
200000467,CN,上海市,上海市,浦东新区,上海市上海市浦东新区文一西路254号,314217,2025-12-14 08:59:00,2025-12-14 08:59:00
200000468,CN,广东省,深圳市,南山区,广东省深圳市南山区星湖街839号,880768,2024-05-26 16:50:00,2024-05-26 16:50:00
200000469,CN,江苏省,苏州市,虎丘区,江苏省苏州市虎丘区文一西路578号,508346,2026-03-19 05:41:00,2026-03-19 05:41:00
200000470,CN,广东省,深圳市,南山区,广东省深圳市南山区星湖街361号,787796,2024-03-24 05:39:00,2024-03-24 05:39:00
200000471,CN,上海市,上海市,徐汇区,上海市上海市徐汇区高新南七道599号,747469,2023-12-02 11:56:00,2023-12-02 11:56:00
200000472,CN,江苏省,苏州市,工业园区,江苏省苏州市工业园区科技南一道868号,886363,2026-01-15 09:12:00,2026-01-15 09:12:00
200000473,CN,上海市,上海市,浦东新区,上海市上海市浦东新区文一西路597号,125420,2024-06-24 02:54:00,2024-06-24 02:54:00
200000474,CN,上海市,上海市,徐汇区,上海市上海市徐汇区星湖街821号,170416,2025-01-05 10:20:00,2025-01-05 10:20:00
200000475,CN,浙江省,杭州市,滨江区,浙江省杭州市滨江区文一西路548号,703304,2025-07-26 07:01:00,2025-07-26 07:01:00
200000476,CN,江苏省,苏州市,吴中区,江苏省苏州市吴中区科技南一道242号,617530,2026-01-15 05:03:00,2026-01-15 05:03:00
200000477,CN,江苏省,苏州市,虎丘区,江苏省苏州市虎丘区创新大道311号,919506,2023-11-11 16:59:00,2023-11-11 16:59:00
200000478,CN,上海市,上海市,闵行区,上海市上海市闵行区高新南七道199号,459793,2025-01-07 22:45:00,2025-01-07 22:45:00
200000479,CN,江苏省,苏州市,吴中区,江苏省苏州市吴中区建国路300号,236017,2024-07-18 11:30:00,2024-07-18 11:30:00
200000480,CN,江苏省,苏州市,虎丘区,江苏省苏州市虎丘区文一西路56号,463473,2025-02-03 01:21:00,2025-02-03 01:21:00
200000481,CN,广东省,深圳市,南山区,广东省深圳市南山区创新大道857号,135395,2025-06-27 15:23:00,2025-06-27 15:23:00
200000482,CN,江苏省,苏州市,工业园区,江苏省苏州市工业园区高新南七道945号,968386,2025-07-05 05:47:00,2025-07-05 05:47:00
200000483,CN,上海市,上海市,闵行区,上海市上海市闵行区星湖街984号,499812,2024-12-07 00:01:00,2024-12-07 00:01:00
200000484,CN,江苏省,苏州市,吴中区,江苏省苏州市吴中区高新南七道857号,377366,2023-11-14 18:32:00,2023-11-14 18:32:00
200000485,CN,江苏省,苏州市,虎丘区,江苏省苏州市虎丘区张江路890号,618970,2025-11-20 16:20:00,2025-11-20 16:20:00
200000486,CN,广东省,深圳市,宝安区,广东省深圳市宝安区建国路359号,214466,2026-01-10 07:32:00,2026-01-10 07:32:00
200000487,CN,江苏省,苏州市,虎丘区,江苏省苏州市虎丘区张江路637号,132670,2025-10-17 12:58:00,2025-10-17 12:58:00
200000488,CN,广东省,深圳市,南山区,广东省深圳市南山区人民路552号,868654,2025-11-26 07:09:00,2025-11-26 07:09:00
200000489,CN,北京市,北京市,海淀区,北京市北京市海淀区文一西路361号,687681,2024-10-29 21:02:00,2024-10-29 21:02:00
200000490,CN,广东省,深圳市,南山区,广东省深圳市南山区人民路432号,629558,2025-10-30 05:29:00,2025-10-30 05:29:00
200000491,CN,浙江省,杭州市,西湖区,浙江省杭州市西湖区人民路926号,542875,2025-04-02 19:35:00,2025-04-02 19:35:00
200000492,CN,浙江省,杭州市,西湖区,浙江省杭州市西湖区星湖街742号,903162,2024-08-04 07:55:00,2024-08-04 07:55:00
200000493,CN,江苏省,苏州市,工业园区,江苏省苏州市工业园区星湖街43号,953527,2024-03-08 00:47:00,2024-03-08 00:47:00
200000494,CN,浙江省,杭州市,余杭区,浙江省杭州市余杭区建国路566号,979535,2024-10-26 18:59:00,2024-10-26 18:59:00
200000495,CN,北京市,北京市,海淀区,北京市北京市海淀区文一西路886号,243464,2025-06-18 00:18:00,2025-06-18 00:18:00
200000496,CN,上海市,上海市,闵行区,上海市上海市闵行区建国路862号,685283,2024-05-23 03:58:00,2024-05-23 03:58:00
200000497,CN,浙江省,杭州市,余杭区,浙江省杭州市余杭区人民路69号,614526,2024-09-05 04:47:00,2024-09-05 04:47:00
200000498,CN,北京市,北京市,丰台区,北京市北京市丰台区高新南七道557号,604322,2025-06-01 20:46:00,2025-06-01 20:46:00
200000499,CN,浙江省,杭州市,余杭区,浙江省杭州市余杭区张江路275号,632139,2025-08-22 10:57:00,2025-08-22 10:57:00
200000500,CN,浙江省,杭州市,西湖区,浙江省杭州市西湖区星湖街549号,316217,2024-01-22 03:53:00,2024-01-22 03:53:00
200000501,CN,上海市,上海市,浦东新区,上海市上海市浦东新区星湖街859号,661720,2025-02-18 01:46:00,2025-02-18 01:46:00
200000502,CN,广东省,深圳市,南山区,广东省深圳市南山区建国路35号,385693,2024-02-22 20:08:00,2024-02-22 20:08:00
200000503,CN,浙江省,杭州市,西湖区,浙江省杭州市西湖区张江路804号,439452,2025-01-19 07:13:00,2025-01-19 07:13:00
200000504,CN,北京市,北京市,丰台区,北京市北京市丰台区人民路975号,490843,2024-02-08 06:15:00,2024-02-08 06:15:00
200000505,CN,北京市,北京市,丰台区,北京市北京市丰台区建国路86号,248195,2025-02-11 04:07:00,2025-02-11 04:07:00
200000506,CN,上海市,上海市,闵行区,上海市上海市闵行区高新南七道983号,783680,2025-08-01 13:31:00,2025-08-01 13:31:00
200000507,CN,上海市,上海市,闵行区,上海市上海市闵行区星湖街767号,673660,2025-01-26 12:00:00,2025-01-26 12:00:00
200000508,CN,北京市,北京市,海淀区,北京市北京市海淀区建国路959号,446215,2024-02-25 00:06:00,2024-02-25 00:06:00
200000509,CN,上海市,上海市,闵行区,上海市上海市闵行区星湖街69号,467476,2024-06-17 06:04:00,2024-06-17 06:04:00
200000510,CN,江苏省,苏州市,工业园区,江苏省苏州市工业园区张江路578号,207292,2025-11-21 07:23:00,2025-11-21 07:23:00
200000511,CN,浙江省,杭州市,滨江区,浙江省杭州市滨江区科技南一道332号,181566,2026-02-05 19:28:00,2026-02-05 19:28:00
200000512,CN,浙江省,杭州市,西湖区,浙江省杭州市西湖区张江路729号,249824,2023-11-21 10:25:00,2023-11-21 10:25:00
200000513,CN,广东省,深圳市,南山区,广东省深圳市南山区创新大道370号,651553,2025-09-12 23:23:00,2025-09-12 23:23:00
200000514,CN,广东省,深圳市,宝安区,广东省深圳市宝安区创新大道623号,762951,2024-12-20 08:49:00,2024-12-20 08:49:00
200000515,CN,上海市,上海市,闵行区,上海市上海市闵行区建国路671号,743829,2024-03-05 23:39:00,2024-03-05 23:39:00
200000516,CN,广东省,深圳市,福田区,广东省深圳市福田区建国路706号,630019,2025-02-04 18:20:00,2025-02-04 18:20:00
200000517,CN,广东省,深圳市,南山区,广东省深圳市南山区科技南一道223号,768934,2025-03-12 09:55:00,2025-03-12 09:55:00
200000518,CN,浙江省,杭州市,滨江区,浙江省杭州市滨江区建国路182号,409258,2025-07-08 01:32:00,2025-07-08 01:32:00
200000519,CN,江苏省,苏州市,工业园区,江苏省苏州市工业园区高新南七道717号,628236,2024-09-12 00:10:00,2024-09-12 00:10:00
200000520,CN,江苏省,苏州市,吴中区,江苏省苏州市吴中区文一西路645号,476317,2023-10-22 23:50:00,2023-10-22 23:50:00
200000521,CN,浙江省,杭州市,滨江区,浙江省杭州市滨江区高新南七道616号,454291,2024-11-21 02:35:00,2024-11-21 02:35:00
200000522,CN,广东省,深圳市,南山区,广东省深圳市南山区张江路812号,903023,2025-11-06 12:31:00,2025-11-06 12:31:00
200000523,CN,江苏省,苏州市,工业园区,江苏省苏州市工业园区创新大道564号,820147,2025-02-20 01:47:00,2025-02-20 01:47:00
200000524,CN,北京市,北京市,丰台区,北京市北京市丰台区科技南一道228号,738081,2025-09-29 16:37:00,2025-09-29 16:37:00
200000525,CN,北京市,北京市,朝阳区,北京市北京市朝阳区张江路982号,542223,2025-09-28 18:35:00,2025-09-28 18:35:00
200000526,CN,北京市,北京市,海淀区,北京市北京市海淀区科技南一道311号,545625,2025-07-09 00:20:00,2025-07-09 00:20:00
200000527,CN,上海市,上海市,闵行区,上海市上海市闵行区建国路528号,952319,2024-07-09 00:05:00,2024-07-09 00:05:00
200000528,CN,北京市,北京市,朝阳区,北京市北京市朝阳区创新大道333号,412143,2024-06-17 22:22:00,2024-06-17 22:22:00
200000529,CN,广东省,深圳市,南山区,广东省深圳市南山区高新南七道382号,140147,2025-10-31 04:14:00,2025-10-31 04:14:00
200000530,CN,江苏省,苏州市,吴中区,江苏省苏州市吴中区建国路711号,937764,2026-02-08 12:24:00,2026-02-08 12:24:00
200000531,CN,江苏省,苏州市,虎丘区,江苏省苏州市虎丘区创新大道614号,928645,2024-06-18 13:54:00,2024-06-18 13:54:00
200000532,CN,江苏省,苏州市,虎丘区,江苏省苏州市虎丘区星湖街474号,995857,2024-02-29 08:47:00,2024-02-29 08:47:00
200000533,CN,北京市,北京市,丰台区,北京市北京市丰台区创新大道31号,263473,2024-06-29 05:50:00,2024-06-29 05:50:00
200000534,CN,广东省,深圳市,宝安区,广东省深圳市宝安区张江路183号,266846,2024-02-04 00:35:00,2024-02-04 00:35:00
200000535,CN,北京市,北京市,海淀区,北京市北京市海淀区创新大道161号,286255,2025-02-14 15:00:00,2025-02-14 15:00:00
200000536,CN,北京市,北京市,朝阳区,北京市北京市朝阳区高新南七道625号,362081,2025-10-11 05:20:00,2025-10-11 05:20:00
200000537,CN,江苏省,苏州市,工业园区,江苏省苏州市工业园区科技南一道212号,705659,2024-12-13 09:45:00,2024-12-13 09:45:00
200000538,CN,北京市,北京市,海淀区,北京市北京市海淀区文一西路802号,537350,2025-07-07 01:26:00,2025-07-07 01:26:00
200000539,CN,江苏省,苏州市,吴中区,江苏省苏州市吴中区文一西路740号,277160,2025-03-20 10:18:00,2025-03-20 10:18:00
200000540,CN,江苏省,苏州市,吴中区,江苏省苏州市吴中区张江路609号,137480,2024-02-10 19:51:00,2024-02-10 19:51:00
200000541,CN,江苏省,苏州市,虎丘区,江苏省苏州市虎丘区张江路653号,338989,2026-03-02 17:23:00,2026-03-02 17:23:00
200000542,CN,北京市,北京市,丰台区,北京市北京市丰台区星湖街892号,650750,2024-11-22 18:30:00,2024-11-22 18:30:00
200000543,CN,广东省,深圳市,宝安区,广东省深圳市宝安区建国路760号,312368,2025-03-23 02:58:00,2025-03-23 02:58:00
200000544,CN,浙江省,杭州市,西湖区,浙江省杭州市西湖区建国路234号,823137,2024-03-26 09:49:00,2024-03-26 09:49:00
200000545,CN,广东省,深圳市,福田区,广东省深圳市福田区文一西路202号,601532,2025-12-01 09:55:00,2025-12-01 09:55:00
200000546,CN,北京市,北京市,丰台区,北京市北京市丰台区张江路505号,761785,2025-10-01 13:28:00,2025-10-01 13:28:00
200000547,CN,上海市,上海市,闵行区,上海市上海市闵行区创新大道168号,287480,2026-01-22 10:17:00,2026-01-22 10:17:00
200000548,CN,浙江省,杭州市,西湖区,浙江省杭州市西湖区星湖街332号,263984,2025-09-15 11:10:00,2025-09-15 11:10:00
200000549,CN,北京市,北京市,丰台区,北京市北京市丰台区人民路781号,537385,2026-03-25 11:57:00,2026-03-25 11:57:00
200000550,CN,上海市,上海市,徐汇区,上海市上海市徐汇区建国路817号,325422,2024-07-06 07:32:00,2024-07-06 07:32:00
200000551,CN,上海市,上海市,闵行区,上海市上海市闵行区科技南一道104号,158840,2024-06-14 13:43:00,2024-06-14 13:43:00
200000552,CN,上海市,上海市,徐汇区,上海市上海市徐汇区张江路571号,656822,2023-12-15 14:16:00,2023-12-15 14:16:00
200000553,CN,广东省,深圳市,南山区,广东省深圳市南山区文一西路658号,530732,2025-01-17 11:09:00,2025-01-17 11:09:00
200000554,CN,上海市,上海市,浦东新区,上海市上海市浦东新区文一西路545号,265909,2024-01-03 07:06:00,2024-01-03 07:06:00
200000555,CN,北京市,北京市,朝阳区,北京市北京市朝阳区人民路589号,408086,2026-03-24 04:07:00,2026-03-24 04:07:00
200000556,CN,浙江省,杭州市,余杭区,浙江省杭州市余杭区张江路186号,205797,2026-03-04 06:22:00,2026-03-04 06:22:00
200000557,CN,北京市,北京市,朝阳区,北京市北京市朝阳区人民路27号,565517,2023-10-24 00:06:00,2023-10-24 00:06:00
200000558,CN,广东省,深圳市,福田区,广东省深圳市福田区高新南七道768号,432272,2025-01-29 17:47:00,2025-01-29 17:47:00
200000559,CN,广东省,深圳市,宝安区,广东省深圳市宝安区人民路897号,594258,2026-03-14 15:14:00,2026-03-14 15:14:00
200000560,CN,浙江省,杭州市,滨江区,浙江省杭州市滨江区星湖街179号,643791,2025-10-26 00:09:00,2025-10-26 00:09:00
200000561,CN,广东省,深圳市,宝安区,广东省深圳市宝安区星湖街936号,527456,2026-02-11 06:36:00,2026-02-11 06:36:00
200000562,CN,广东省,深圳市,福田区,广东省深圳市福田区创新大道481号,369338,2025-11-19 13:18:00,2025-11-19 13:18:00
200000563,CN,浙江省,杭州市,滨江区,浙江省杭州市滨江区星湖街748号,791398,2025-05-26 13:15:00,2025-05-26 13:15:00
200000564,CN,浙江省,杭州市,余杭区,浙江省杭州市余杭区人民路331号,112281,2024-08-22 08:30:00,2024-08-22 08:30:00
200000565,CN,北京市,北京市,丰台区,北京市北京市丰台区创新大道680号,201191,2024-05-15 13:12:00,2024-05-15 13:12:00
200000566,CN,上海市,上海市,浦东新区,上海市上海市浦东新区星湖街408号,959860,2024-10-23 17:51:00,2024-10-23 17:51:00
200000567,CN,浙江省,杭州市,余杭区,浙江省杭州市余杭区星湖街651号,765124,2023-11-02 04:46:00,2023-11-02 04:46:00
200000568,CN,江苏省,苏州市,吴中区,江苏省苏州市吴中区张江路214号,869089,2024-07-11 04:56:00,2024-07-11 04:56:00
200000569,CN,北京市,北京市,朝阳区,北京市北京市朝阳区星湖街211号,564919,2025-11-05 02:43:00,2025-11-05 02:43:00
200000570,CN,江苏省,苏州市,虎丘区,江苏省苏州市虎丘区科技南一道391号,978683,2025-07-12 20:20:00,2025-07-12 20:20:00
200000571,CN,江苏省,苏州市,吴中区,江苏省苏州市吴中区张江路927号,363895,2024-06-13 07:39:00,2024-06-13 07:39:00
200000572,CN,北京市,北京市,朝阳区,北京市北京市朝阳区文一西路605号,978922,2024-01-08 03:54:00,2024-01-08 03:54:00
200000573,CN,北京市,北京市,丰台区,北京市北京市丰台区科技南一道222号,694469,2025-09-26 23:20:00,2025-09-26 23:20:00
200000574,CN,江苏省,苏州市,工业园区,江苏省苏州市工业园区建国路572号,908251,2023-10-28 06:19:00,2023-10-28 06:19:00
200000575,CN,北京市,北京市,丰台区,北京市北京市丰台区星湖街775号,501286,2025-09-04 15:06:00,2025-09-04 15:06:00
200000576,CN,广东省,深圳市,南山区,广东省深圳市南山区文一西路93号,846235,2024-07-26 02:35:00,2024-07-26 02:35:00
200000577,CN,浙江省,杭州市,西湖区,浙江省杭州市西湖区星湖街684号,387087,2026-03-04 08:46:00,2026-03-04 08:46:00
200000578,CN,上海市,上海市,徐汇区,上海市上海市徐汇区人民路643号,703410,2025-02-27 00:44:00,2025-02-27 00:44:00
200000579,CN,上海市,上海市,徐汇区,上海市上海市徐汇区创新大道549号,428712,2025-12-13 04:46:00,2025-12-13 04:46:00
200000580,CN,北京市,北京市,丰台区,北京市北京市丰台区星湖街66号,815136,2025-04-02 21:14:00,2025-04-02 21:14:00
200000581,CN,上海市,上海市,闵行区,上海市上海市闵行区星湖街785号,665824,2024-05-02 05:40:00,2024-05-02 05:40:00
200000582,CN,江苏省,苏州市,工业园区,江苏省苏州市工业园区文一西路969号,523158,2024-08-20 01:17:00,2024-08-20 01:17:00
200000583,CN,广东省,深圳市,福田区,广东省深圳市福田区创新大道770号,198595,2024-10-10 15:59:00,2024-10-10 15:59:00
200000584,CN,上海市,上海市,闵行区,上海市上海市闵行区星湖街549号,328981,2025-04-11 20:05:00,2025-04-11 20:05:00
200000585,CN,浙江省,杭州市,西湖区,浙江省杭州市西湖区星湖街922号,204565,2024-11-06 17:22:00,2024-11-06 17:22:00
200000586,CN,北京市,北京市,丰台区,北京市北京市丰台区文一西路869号,645095,2025-12-27 02:19:00,2025-12-27 02:19:00
200000587,CN,北京市,北京市,丰台区,北京市北京市丰台区人民路314号,621786,2024-01-15 14:11:00,2024-01-15 14:11:00
200000588,CN,上海市,上海市,浦东新区,上海市上海市浦东新区人民路757号,633069,2024-10-10 18:28:00,2024-10-10 18:28:00
200000589,CN,广东省,深圳市,福田区,广东省深圳市福田区科技南一道927号,352064,2024-05-24 13:49:00,2024-05-24 13:49:00
200000590,CN,北京市,北京市,海淀区,北京市北京市海淀区人民路285号,983566,2025-09-17 08:44:00,2025-09-17 08:44:00
200000591,CN,江苏省,苏州市,吴中区,江苏省苏州市吴中区人民路292号,662309,2025-06-10 14:06:00,2025-06-10 14:06:00
200000592,CN,浙江省,杭州市,余杭区,浙江省杭州市余杭区文一西路248号,557125,2024-07-08 12:32:00,2024-07-08 12:32:00
200000593,CN,广东省,深圳市,福田区,广东省深圳市福田区人民路157号,405980,2024-10-29 21:46:00,2024-10-29 21:46:00
200000594,CN,广东省,深圳市,福田区,广东省深圳市福田区科技南一道634号,855480,2025-10-08 00:01:00,2025-10-08 00:01:00
200000595,CN,北京市,北京市,丰台区,北京市北京市丰台区人民路290号,818914,2024-07-08 11:32:00,2024-07-08 11:32:00
200000596,CN,广东省,深圳市,福田区,广东省深圳市福田区张江路148号,144622,2024-12-15 10:15:00,2024-12-15 10:15:00
200000597,CN,北京市,北京市,朝阳区,北京市北京市朝阳区建国路252号,327498,2024-03-31 17:24:00,2024-03-31 17:24:00
200000598,CN,江苏省,苏州市,吴中区,江苏省苏州市吴中区星湖街676号,502957,2024-10-17 10:49:00,2024-10-17 10:49:00
200000599,CN,浙江省,杭州市,滨江区,浙江省杭州市滨江区高新南七道626号,900475,2024-07-11 07:13:00,2024-07-11 07:13:00
200000600,CN,江苏省,苏州市,吴中区,江苏省苏州市吴中区创新大道487号,455069,2024-04-09 18:42:00,2024-04-09 18:42:00
200000601,CN,广东省,深圳市,南山区,广东省深圳市南山区星湖街902号,499454,2024-12-01 11:30:00,2024-12-01 11:30:00
200000602,CN,上海市,上海市,闵行区,上海市上海市闵行区人民路939号,256747,2025-12-07 02:48:00,2025-12-07 02:48:00
200000603,CN,上海市,上海市,浦东新区,上海市上海市浦东新区创新大道327号,274988,2026-02-05 03:45:00,2026-02-05 03:45:00
200000604,CN,北京市,北京市,海淀区,北京市北京市海淀区人民路37号,829062,2024-05-11 15:16:00,2024-05-11 15:16:00
200000605,CN,广东省,深圳市,南山区,广东省深圳市南山区文一西路249号,178029,2025-09-30 12:56:00,2025-09-30 12:56:00
200000606,CN,浙江省,杭州市,余杭区,浙江省杭州市余杭区文一西路191号,196158,2024-03-25 22:00:00,2024-03-25 22:00:00
200000607,CN,广东省,深圳市,福田区,广东省深圳市福田区星湖街520号,106620,2026-01-08 18:48:00,2026-01-08 18:48:00
200000608,CN,浙江省,杭州市,滨江区,浙江省杭州市滨江区张江路845号,461506,2024-03-07 16:27:00,2024-03-07 16:27:00
200000609,CN,江苏省,苏州市,吴中区,江苏省苏州市吴中区文一西路583号,375185,2024-03-16 13:32:00,2024-03-16 13:32:00
200000610,CN,北京市,北京市,海淀区,北京市北京市海淀区星湖街146号,873701,2024-02-21 11:34:00,2024-02-21 11:34:00
200000611,CN,浙江省,杭州市,滨江区,浙江省杭州市滨江区高新南七道203号,122733,2024-11-06 11:50:00,2024-11-06 11:50:00
200000612,CN,浙江省,杭州市,西湖区,浙江省杭州市西湖区创新大道823号,326915,2025-01-28 09:00:00,2025-01-28 09:00:00
200000613,CN,江苏省,苏州市,虎丘区,江苏省苏州市虎丘区建国路215号,442046,2024-04-25 16:02:00,2024-04-25 16:02:00
200000614,CN,北京市,北京市,朝阳区,北京市北京市朝阳区高新南七道524号,200225,2025-03-02 19:21:00,2025-03-02 19:21:00
200000615,CN,广东省,深圳市,福田区,广东省深圳市福田区高新南七道845号,750801,2024-11-21 06:51:00,2024-11-21 06:51:00
200000616,CN,北京市,北京市,丰台区,北京市北京市丰台区科技南一道306号,373665,2025-09-02 19:42:00,2025-09-02 19:42:00
200000617,CN,北京市,北京市,海淀区,北京市北京市海淀区星湖街601号,234779,2025-05-04 23:53:00,2025-05-04 23:53:00
200000618,CN,广东省,深圳市,宝安区,广东省深圳市宝安区科技南一道741号,852112,2024-03-30 19:29:00,2024-03-30 19:29:00
200000619,CN,北京市,北京市,丰台区,北京市北京市丰台区人民路712号,262512,2024-09-15 21:08:00,2024-09-15 21:08:00
200000620,CN,浙江省,杭州市,西湖区,浙江省杭州市西湖区高新南七道331号,506349,2024-02-15 03:18:00,2024-02-15 03:18:00
200000621,CN,上海市,上海市,浦东新区,上海市上海市浦东新区人民路218号,259651,2024-09-27 23:02:00,2024-09-27 23:02:00
200000622,CN,北京市,北京市,丰台区,北京市北京市丰台区人民路210号,293810,2025-12-05 22:36:00,2025-12-05 22:36:00
200000623,CN,江苏省,苏州市,工业园区,江苏省苏州市工业园区建国路850号,289707,2023-10-31 13:47:00,2023-10-31 13:47:00
200000624,CN,广东省,深圳市,福田区,广东省深圳市福田区科技南一道311号,566679,2025-03-05 00:24:00,2025-03-05 00:24:00
200000625,CN,浙江省,杭州市,余杭区,浙江省杭州市余杭区科技南一道902号,599651,2025-10-03 23:53:00,2025-10-03 23:53:00
200000626,CN,北京市,北京市,海淀区,北京市北京市海淀区星湖街997号,113913,2024-08-17 22:18:00,2024-08-17 22:18:00
200000627,CN,北京市,北京市,朝阳区,北京市北京市朝阳区科技南一道294号,481718,2025-12-30 04:37:00,2025-12-30 04:37:00
200000628,CN,北京市,北京市,丰台区,北京市北京市丰台区人民路369号,552682,2026-01-01 04:44:00,2026-01-01 04:44:00
200000629,CN,北京市,北京市,朝阳区,北京市北京市朝阳区人民路902号,217314,2024-11-02 06:58:00,2024-11-02 06:58:00
200000630,CN,北京市,北京市,丰台区,北京市北京市丰台区文一西路232号,771580,2024-06-09 09:51:00,2024-06-09 09:51:00
200000631,CN,广东省,深圳市,福田区,广东省深圳市福田区文一西路213号,294735,2023-12-04 02:56:00,2023-12-04 02:56:00
200000632,CN,北京市,北京市,朝阳区,北京市北京市朝阳区创新大道328号,468571,2026-02-27 15:16:00,2026-02-27 15:16:00
200000633,CN,浙江省,杭州市,西湖区,浙江省杭州市西湖区文一西路466号,498302,2024-02-22 13:45:00,2024-02-22 13:45:00
200000634,CN,北京市,北京市,海淀区,北京市北京市海淀区人民路821号,661683,2024-05-30 00:57:00,2024-05-30 00:57:00
200000635,CN,北京市,北京市,丰台区,北京市北京市丰台区星湖街792号,495019,2026-02-14 14:49:00,2026-02-14 14:49:00
200000636,CN,上海市,上海市,徐汇区,上海市上海市徐汇区高新南七道651号,669884,2025-12-12 10:30:00,2025-12-12 10:30:00
200000637,CN,浙江省,杭州市,西湖区,浙江省杭州市西湖区建国路457号,791915,2024-09-17 12:25:00,2024-09-17 12:25:00
200000638,CN,江苏省,苏州市,吴中区,江苏省苏州市吴中区科技南一道311号,950879,2025-11-10 13:02:00,2025-11-10 13:02:00
200000639,CN,广东省,深圳市,福田区,广东省深圳市福田区文一西路580号,272734,2025-07-21 03:12:00,2025-07-21 03:12:00
200000640,CN,上海市,上海市,闵行区,上海市上海市闵行区星湖街248号,728074,2024-10-13 14:29:00,2024-10-13 14:29:00
200000641,CN,江苏省,苏州市,虎丘区,江苏省苏州市虎丘区创新大道396号,894210,2023-10-20 01:23:00,2023-10-20 01:23:00
200000642,CN,江苏省,苏州市,工业园区,江苏省苏州市工业园区建国路357号,421228,2025-09-15 13:27:00,2025-09-15 13:27:00
200000643,CN,上海市,上海市,徐汇区,上海市上海市徐汇区星湖街121号,859790,2024-03-20 14:20:00,2024-03-20 14:20:00
200000644,CN,北京市,北京市,丰台区,北京市北京市丰台区人民路4号,169778,2025-09-18 15:01:00,2025-09-18 15:01:00
200000645,CN,广东省,深圳市,南山区,广东省深圳市南山区文一西路285号,212681,2024-09-15 06:43:00,2024-09-15 06:43:00
200000646,CN,江苏省,苏州市,吴中区,江苏省苏州市吴中区高新南七道861号,347843,2025-10-26 23:25:00,2025-10-26 23:25:00
200000647,CN,北京市,北京市,朝阳区,北京市北京市朝阳区建国路471号,739219,2025-10-12 18:02:00,2025-10-12 18:02:00
200000648,CN,北京市,北京市,丰台区,北京市北京市丰台区人民路24号,667557,2024-02-06 15:47:00,2024-02-06 15:47:00
200000649,CN,北京市,北京市,朝阳区,北京市北京市朝阳区人民路213号,328514,2025-05-13 12:35:00,2025-05-13 12:35:00
200000650,CN,北京市,北京市,海淀区,北京市北京市海淀区创新大道932号,544740,2025-12-29 10:44:00,2025-12-29 10:44:00
200000651,CN,浙江省,杭州市,余杭区,浙江省杭州市余杭区星湖街95号,745346,2024-04-17 06:57:00,2024-04-17 06:57:00
200000652,CN,浙江省,杭州市,滨江区,浙江省杭州市滨江区创新大道965号,543824,2025-10-10 16:59:00,2025-10-10 16:59:00
200000653,CN,江苏省,苏州市,吴中区,江苏省苏州市吴中区科技南一道513号,629016,2026-01-31 11:52:00,2026-01-31 11:52:00
200000654,CN,广东省,深圳市,福田区,广东省深圳市福田区星湖街1号,401153,2024-12-14 07:09:00,2024-12-14 07:09:00
200000655,CN,浙江省,杭州市,余杭区,浙江省杭州市余杭区建国路76号,728934,2025-03-19 14:53:00,2025-03-19 14:53:00
200000656,CN,广东省,深圳市,南山区,广东省深圳市南山区创新大道259号,610421,2025-02-15 09:15:00,2025-02-15 09:15:00
200000657,CN,上海市,上海市,闵行区,上海市上海市闵行区科技南一道957号,988326,2024-11-25 21:38:00,2024-11-25 21:38:00
200000658,CN,上海市,上海市,闵行区,上海市上海市闵行区高新南七道637号,442406,2025-06-12 12:57:00,2025-06-12 12:57:00
200000659,CN,江苏省,苏州市,工业园区,江苏省苏州市工业园区星湖街781号,305871,2025-12-25 04:36:00,2025-12-25 04:36:00
200000660,CN,浙江省,杭州市,余杭区,浙江省杭州市余杭区张江路745号,606110,2024-01-15 21:46:00,2024-01-15 21:46:00
200000661,CN,上海市,上海市,徐汇区,上海市上海市徐汇区张江路826号,722697,2024-01-24 16:46:00,2024-01-24 16:46:00
200000662,CN,浙江省,杭州市,滨江区,浙江省杭州市滨江区星湖街949号,203386,2024-04-15 06:28:00,2024-04-15 06:28:00
200000663,CN,北京市,北京市,朝阳区,北京市北京市朝阳区高新南七道961号,488371,2025-11-29 14:45:00,2025-11-29 14:45:00
200000664,CN,广东省,深圳市,南山区,广东省深圳市南山区人民路505号,196799,2024-01-08 01:19:00,2024-01-08 01:19:00
200000665,CN,广东省,深圳市,宝安区,广东省深圳市宝安区科技南一道842号,301586,2024-01-12 18:03:00,2024-01-12 18:03:00
200000666,CN,江苏省,苏州市,工业园区,江苏省苏州市工业园区人民路873号,455108,2024-05-19 18:16:00,2024-05-19 18:16:00
200000667,CN,广东省,深圳市,南山区,广东省深圳市南山区科技南一道602号,223436,2025-10-30 20:32:00,2025-10-30 20:32:00
200000668,CN,北京市,北京市,朝阳区,北京市北京市朝阳区高新南七道68号,151288,2026-02-26 15:36:00,2026-02-26 15:36:00
200000669,CN,北京市,北京市,朝阳区,北京市北京市朝阳区创新大道897号,450807,2025-10-30 22:04:00,2025-10-30 22:04:00
200000670,CN,浙江省,杭州市,滨江区,浙江省杭州市滨江区张江路544号,509668,2024-10-05 05:21:00,2024-10-05 05:21:00
200000671,CN,北京市,北京市,海淀区,北京市北京市海淀区建国路946号,430489,2023-11-27 05:46:00,2023-11-27 05:46:00
200000672,CN,广东省,深圳市,福田区,广东省深圳市福田区人民路17号,626124,2023-10-23 00:10:00,2023-10-23 00:10:00
200000673,CN,浙江省,杭州市,余杭区,浙江省杭州市余杭区人民路82号,444745,2024-06-06 16:30:00,2024-06-06 16:30:00
200000674,CN,广东省,深圳市,南山区,广东省深圳市南山区建国路68号,916489,2024-02-01 15:49:00,2024-02-01 15:49:00
200000675,CN,上海市,上海市,闵行区,上海市上海市闵行区科技南一道933号,750475,2023-12-28 21:56:00,2023-12-28 21:56:00
200000676,CN,北京市,北京市,丰台区,北京市北京市丰台区文一西路763号,337765,2023-11-27 02:01:00,2023-11-27 02:01:00
200000677,CN,北京市,北京市,朝阳区,北京市北京市朝阳区星湖街864号,200639,2024-07-30 07:25:00,2024-07-30 07:25:00
200000678,CN,江苏省,苏州市,吴中区,江苏省苏州市吴中区星湖街713号,370827,2023-12-16 11:51:00,2023-12-16 11:51:00
200000679,CN,江苏省,苏州市,虎丘区,江苏省苏州市虎丘区高新南七道910号,229737,2025-09-24 05:47:00,2025-09-24 05:47:00
200000680,CN,广东省,深圳市,福田区,广东省深圳市福田区人民路96号,789855,2025-04-23 15:13:00,2025-04-23 15:13:00
200000681,CN,浙江省,杭州市,西湖区,浙江省杭州市西湖区文一西路646号,951703,2026-03-13 08:47:00,2026-03-13 08:47:00
200000682,CN,上海市,上海市,徐汇区,上海市上海市徐汇区人民路198号,965101,2024-10-06 14:38:00,2024-10-06 14:38:00
200000683,CN,上海市,上海市,浦东新区,上海市上海市浦东新区建国路136号,845609,2026-02-17 16:45:00,2026-02-17 16:45:00
200000684,CN,浙江省,杭州市,余杭区,浙江省杭州市余杭区文一西路890号,486669,2025-05-02 10:36:00,2025-05-02 10:36:00
200000685,CN,北京市,北京市,朝阳区,北京市北京市朝阳区科技南一道801号,974187,2026-01-28 00:31:00,2026-01-28 00:31:00
200000686,CN,江苏省,苏州市,虎丘区,江苏省苏州市虎丘区人民路277号,268252,2024-11-24 16:32:00,2024-11-24 16:32:00
200000687,CN,上海市,上海市,闵行区,上海市上海市闵行区人民路21号,166026,2024-08-27 20:45:00,2024-08-27 20:45:00
200000688,CN,上海市,上海市,闵行区,上海市上海市闵行区高新南七道2号,604385,2025-09-13 18:54:00,2025-09-13 18:54:00
200000689,CN,浙江省,杭州市,滨江区,浙江省杭州市滨江区科技南一道879号,452476,2025-03-30 08:12:00,2025-03-30 08:12:00
200000690,CN,广东省,深圳市,南山区,广东省深圳市南山区创新大道736号,242314,2025-08-16 00:47:00,2025-08-16 00:47:00
200000691,CN,上海市,上海市,徐汇区,上海市上海市徐汇区建国路46号,599135,2024-04-24 15:26:00,2024-04-24 15:26:00
200000692,CN,浙江省,杭州市,余杭区,浙江省杭州市余杭区文一西路643号,699475,2026-03-09 02:43:00,2026-03-09 02:43:00
200000693,CN,浙江省,杭州市,滨江区,浙江省杭州市滨江区张江路855号,820119,2025-01-12 19:16:00,2025-01-12 19:16:00
200000694,CN,浙江省,杭州市,滨江区,浙江省杭州市滨江区高新南七道908号,575062,2025-10-20 04:26:00,2025-10-20 04:26:00
200000695,CN,广东省,深圳市,宝安区,广东省深圳市宝安区星湖街923号,156405,2025-08-07 00:16:00,2025-08-07 00:16:00
200000696,CN,广东省,深圳市,福田区,广东省深圳市福田区文一西路266号,373825,2025-04-24 06:52:00,2025-04-24 06:52:00
200000697,CN,江苏省,苏州市,虎丘区,江苏省苏州市虎丘区科技南一道34号,902663,2026-03-19 23:11:00,2026-03-19 23:11:00
200000698,CN,浙江省,杭州市,滨江区,浙江省杭州市滨江区高新南七道389号,804830,2025-12-03 07:19:00,2025-12-03 07:19:00
200000699,CN,广东省,深圳市,福田区,广东省深圳市福田区人民路481号,142344,2024-10-27 10:31:00,2024-10-27 10:31:00
200000700,CN,江苏省,苏州市,吴中区,江苏省苏州市吴中区建国路330号,487518,2024-05-22 22:37:00,2024-05-22 22:37:00
200000701,CN,上海市,上海市,浦东新区,上海市上海市浦东新区星湖街67号,163660,2025-06-29 22:01:00,2025-06-29 22:01:00
200000702,CN,浙江省,杭州市,西湖区,浙江省杭州市西湖区文一西路145号,830484,2025-02-14 04:17:00,2025-02-14 04:17:00
200000703,CN,广东省,深圳市,福田区,广东省深圳市福田区张江路969号,762314,2025-02-24 18:38:00,2025-02-24 18:38:00
200000704,CN,江苏省,苏州市,虎丘区,江苏省苏州市虎丘区张江路884号,404716,2024-10-21 05:08:00,2024-10-21 05:08:00
200000705,CN,广东省,深圳市,福田区,广东省深圳市福田区建国路210号,326632,2025-08-29 12:48:00,2025-08-29 12:48:00
200000706,CN,浙江省,杭州市,西湖区,浙江省杭州市西湖区文一西路647号,811755,2025-09-09 08:47:00,2025-09-09 08:47:00
200000707,CN,北京市,北京市,丰台区,北京市北京市丰台区科技南一道11号,293807,2025-08-29 23:09:00,2025-08-29 23:09:00
200000708,CN,北京市,北京市,朝阳区,北京市北京市朝阳区建国路402号,485776,2024-07-14 12:52:00,2024-07-14 12:52:00
200000709,CN,北京市,北京市,朝阳区,北京市北京市朝阳区星湖街835号,858072,2025-10-20 17:22:00,2025-10-20 17:22:00
200000710,CN,江苏省,苏州市,工业园区,江苏省苏州市工业园区创新大道959号,514708,2025-01-16 10:10:00,2025-01-16 10:10:00
200000711,CN,北京市,北京市,朝阳区,北京市北京市朝阳区高新南七道963号,881358,2025-08-25 20:49:00,2025-08-25 20:49:00
200000712,CN,江苏省,苏州市,吴中区,江苏省苏州市吴中区科技南一道119号,353860,2025-05-23 07:00:00,2025-05-23 07:00:00
200000713,CN,广东省,深圳市,宝安区,广东省深圳市宝安区高新南七道463号,824679,2024-04-19 23:22:00,2024-04-19 23:22:00
200000714,CN,北京市,北京市,丰台区,北京市北京市丰台区张江路851号,679546,2024-06-11 04:12:00,2024-06-11 04:12:00
200000715,CN,上海市,上海市,闵行区,上海市上海市闵行区建国路977号,283630,2025-09-17 20:49:00,2025-09-17 20:49:00
200000716,CN,广东省,深圳市,宝安区,广东省深圳市宝安区创新大道179号,885673,2025-08-21 14:25:00,2025-08-21 14:25:00
200000717,CN,广东省,深圳市,南山区,广东省深圳市南山区人民路350号,131394,2024-09-14 19:35:00,2024-09-14 19:35:00
200000718,CN,浙江省,杭州市,余杭区,浙江省杭州市余杭区高新南七道586号,453215,2024-02-21 20:44:00,2024-02-21 20:44:00
200000719,CN,上海市,上海市,闵行区,上海市上海市闵行区人民路930号,508196,2026-01-25 22:53:00,2026-01-25 22:53:00
200000720,CN,江苏省,苏州市,工业园区,江苏省苏州市工业园区创新大道418号,911235,2025-09-30 03:27:00,2025-09-30 03:27:00
200000721,CN,北京市,北京市,海淀区,北京市北京市海淀区星湖街611号,243857,2025-04-12 23:25:00,2025-04-12 23:25:00
200000722,CN,浙江省,杭州市,余杭区,浙江省杭州市余杭区创新大道238号,193519,2025-11-15 13:38:00,2025-11-15 13:38:00
200000723,CN,浙江省,杭州市,滨江区,浙江省杭州市滨江区建国路845号,638228,2024-05-14 13:52:00,2024-05-14 13:52:00
200000724,CN,北京市,北京市,海淀区,北京市北京市海淀区科技南一道997号,957170,2025-12-24 10:43:00,2025-12-24 10:43:00
200000725,CN,广东省,深圳市,福田区,广东省深圳市福田区星湖街105号,758784,2025-09-13 15:27:00,2025-09-13 15:27:00
200000726,CN,江苏省,苏州市,虎丘区,江苏省苏州市虎丘区科技南一道347号,340027,2024-08-21 09:13:00,2024-08-21 09:13:00
200000727,CN,北京市,北京市,丰台区,北京市北京市丰台区星湖街87号,790917,2023-11-21 18:49:00,2023-11-21 18:49:00
200000728,CN,浙江省,杭州市,余杭区,浙江省杭州市余杭区星湖街336号,695451,2025-02-16 09:12:00,2025-02-16 09:12:00
200000729,CN,浙江省,杭州市,西湖区,浙江省杭州市西湖区人民路999号,854124,2024-07-26 01:16:00,2024-07-26 01:16:00
200000730,CN,北京市,北京市,朝阳区,北京市北京市朝阳区高新南七道946号,287739,2025-08-02 06:35:00,2025-08-02 06:35:00
200000731,CN,北京市,北京市,丰台区,北京市北京市丰台区星湖街878号,753935,2024-08-19 10:28:00,2024-08-19 10:28:00
200000732,CN,江苏省,苏州市,虎丘区,江苏省苏州市虎丘区人民路746号,749633,2025-04-25 02:31:00,2025-04-25 02:31:00
200000733,CN,上海市,上海市,闵行区,上海市上海市闵行区星湖街654号,358604,2024-06-19 19:17:00,2024-06-19 19:17:00
200000734,CN,江苏省,苏州市,虎丘区,江苏省苏州市虎丘区星湖街992号,703396,2025-10-06 11:23:00,2025-10-06 11:23:00
200000735,CN,北京市,北京市,丰台区,北京市北京市丰台区张江路845号,374419,2025-08-13 23:48:00,2025-08-13 23:48:00
200000736,CN,江苏省,苏州市,工业园区,江苏省苏州市工业园区高新南七道301号,575714,2025-12-10 13:08:00,2025-12-10 13:08:00
200000737,CN,上海市,上海市,闵行区,上海市上海市闵行区星湖街714号,774561,2023-12-30 20:42:00,2023-12-30 20:42:00
200000738,CN,江苏省,苏州市,工业园区,江苏省苏州市工业园区建国路865号,639236,2024-10-07 06:06:00,2024-10-07 06:06:00
200000739,CN,浙江省,杭州市,余杭区,浙江省杭州市余杭区创新大道724号,454303,2024-10-24 13:13:00,2024-10-24 13:13:00
200000740,CN,北京市,北京市,海淀区,北京市北京市海淀区科技南一道140号,992351,2026-03-24 22:58:00,2026-03-24 22:58:00
200000741,CN,北京市,北京市,朝阳区,北京市北京市朝阳区建国路649号,763753,2025-01-19 06:13:00,2025-01-19 06:13:00
200000742,CN,江苏省,苏州市,吴中区,江苏省苏州市吴中区人民路154号,883181,2026-03-24 19:37:00,2026-03-24 19:37:00
200000743,CN,广东省,深圳市,宝安区,广东省深圳市宝安区张江路640号,197102,2026-01-29 11:13:00,2026-01-29 11:13:00
200000744,CN,北京市,北京市,海淀区,北京市北京市海淀区高新南七道267号,883104,2025-03-24 06:20:00,2025-03-24 06:20:00
200000745,CN,浙江省,杭州市,西湖区,浙江省杭州市西湖区创新大道984号,226804,2024-06-08 08:49:00,2024-06-08 08:49:00
200000746,CN,广东省,深圳市,宝安区,广东省深圳市宝安区人民路819号,442836,2024-05-26 05:56:00,2024-05-26 05:56:00
200000747,CN,北京市,北京市,丰台区,北京市北京市丰台区创新大道225号,269409,2023-12-24 11:42:00,2023-12-24 11:42:00
200000748,CN,广东省,深圳市,福田区,广东省深圳市福田区建国路683号,724842,2024-12-06 07:02:00,2024-12-06 07:02:00
200000749,CN,广东省,深圳市,宝安区,广东省深圳市宝安区建国路178号,139486,2026-02-13 15:12:00,2026-02-13 15:12:00
200000750,CN,浙江省,杭州市,滨江区,浙江省杭州市滨江区文一西路835号,700483,2023-11-06 05:40:00,2023-11-06 05:40:00
200000751,CN,浙江省,杭州市,滨江区,浙江省杭州市滨江区张江路670号,870621,2024-10-23 17:57:00,2024-10-23 17:57:00
200000752,CN,北京市,北京市,海淀区,北京市北京市海淀区创新大道771号,792251,2025-11-08 22:53:00,2025-11-08 22:53:00
200000753,CN,上海市,上海市,徐汇区,上海市上海市徐汇区建国路38号,407874,2024-08-22 17:33:00,2024-08-22 17:33:00
200000754,CN,江苏省,苏州市,工业园区,江苏省苏州市工业园区高新南七道138号,257420,2024-07-28 14:36:00,2024-07-28 14:36:00
200000755,CN,上海市,上海市,闵行区,上海市上海市闵行区科技南一道795号,201888,2025-08-08 09:53:00,2025-08-08 09:53:00
200000756,CN,北京市,北京市,朝阳区,北京市北京市朝阳区人民路127号,479398,2024-07-10 18:30:00,2024-07-10 18:30:00
200000757,CN,广东省,深圳市,福田区,广东省深圳市福田区高新南七道268号,266302,2023-12-04 02:20:00,2023-12-04 02:20:00
200000758,CN,江苏省,苏州市,虎丘区,江苏省苏州市虎丘区高新南七道381号,398889,2025-01-19 18:45:00,2025-01-19 18:45:00
200000759,CN,北京市,北京市,丰台区,北京市北京市丰台区建国路103号,571152,2025-02-15 15:12:00,2025-02-15 15:12:00
200000760,CN,北京市,北京市,朝阳区,北京市北京市朝阳区建国路521号,144512,2025-02-05 09:54:00,2025-02-05 09:54:00
200000761,CN,北京市,北京市,朝阳区,北京市北京市朝阳区高新南七道545号,653776,2024-05-07 12:32:00,2024-05-07 12:32:00
200000762,CN,北京市,北京市,朝阳区,北京市北京市朝阳区文一西路362号,713571,2026-01-24 07:45:00,2026-01-24 07:45:00
200000763,CN,北京市,北京市,朝阳区,北京市北京市朝阳区张江路39号,120602,2024-02-23 03:44:00,2024-02-23 03:44:00
200000764,CN,北京市,北京市,丰台区,北京市北京市丰台区创新大道655号,334546,2024-06-05 21:48:00,2024-06-05 21:48:00
200000765,CN,江苏省,苏州市,工业园区,江苏省苏州市工业园区建国路851号,282657,2024-02-09 13:33:00,2024-02-09 13:33:00
200000766,CN,上海市,上海市,浦东新区,上海市上海市浦东新区文一西路92号,530694,2026-02-02 18:18:00,2026-02-02 18:18:00
200000767,CN,上海市,上海市,徐汇区,上海市上海市徐汇区张江路951号,793618,2024-10-26 23:08:00,2024-10-26 23:08:00
200000768,CN,江苏省,苏州市,吴中区,江苏省苏州市吴中区科技南一道429号,597347,2025-05-07 08:18:00,2025-05-07 08:18:00
200000769,CN,上海市,上海市,徐汇区,上海市上海市徐汇区星湖街475号,861481,2024-02-19 11:23:00,2024-02-19 11:23:00
200000770,CN,浙江省,杭州市,余杭区,浙江省杭州市余杭区创新大道291号,806942,2023-12-24 01:25:00,2023-12-24 01:25:00
200000771,CN,江苏省,苏州市,吴中区,江苏省苏州市吴中区人民路27号,378548,2024-12-22 07:41:00,2024-12-22 07:41:00
200000772,CN,上海市,上海市,浦东新区,上海市上海市浦东新区张江路548号,519567,2024-10-01 01:28:00,2024-10-01 01:28:00
200000773,CN,广东省,深圳市,宝安区,广东省深圳市宝安区建国路367号,793298,2024-02-16 04:20:00,2024-02-16 04:20:00
200000774,CN,广东省,深圳市,南山区,广东省深圳市南山区高新南七道929号,391941,2024-02-21 14:29:00,2024-02-21 14:29:00
200000775,CN,浙江省,杭州市,西湖区,浙江省杭州市西湖区张江路609号,664385,2024-08-21 06:20:00,2024-08-21 06:20:00
200000776,CN,江苏省,苏州市,吴中区,江苏省苏州市吴中区人民路632号,795381,2024-09-25 04:09:00,2024-09-25 04:09:00
200000777,CN,上海市,上海市,徐汇区,上海市上海市徐汇区星湖街60号,985856,2024-04-26 08:37:00,2024-04-26 08:37:00
200000778,CN,浙江省,杭州市,余杭区,浙江省杭州市余杭区张江路336号,490477,2024-07-25 22:36:00,2024-07-25 22:36:00
200000779,CN,上海市,上海市,徐汇区,上海市上海市徐汇区人民路442号,621670,2025-02-03 22:40:00,2025-02-03 22:40:00
200000780,CN,浙江省,杭州市,西湖区,浙江省杭州市西湖区科技南一道436号,237212,2025-07-25 12:44:00,2025-07-25 12:44:00
200000781,CN,北京市,北京市,朝阳区,北京市北京市朝阳区星湖街122号,283404,2025-10-26 14:49:00,2025-10-26 14:49:00
200000782,CN,上海市,上海市,闵行区,上海市上海市闵行区人民路62号,106416,2024-02-11 07:00:00,2024-02-11 07:00:00
200000783,CN,北京市,北京市,海淀区,北京市北京市海淀区星湖街654号,951432,2025-01-19 21:51:00,2025-01-19 21:51:00
200000784,CN,浙江省,杭州市,滨江区,浙江省杭州市滨江区张江路971号,639026,2025-10-02 14:52:00,2025-10-02 14:52:00
200000785,CN,浙江省,杭州市,余杭区,浙江省杭州市余杭区创新大道293号,907142,2024-09-26 04:12:00,2024-09-26 04:12:00
200000786,CN,北京市,北京市,海淀区,北京市北京市海淀区科技南一道671号,669273,2026-01-27 21:22:00,2026-01-27 21:22:00
200000787,CN,江苏省,苏州市,工业园区,江苏省苏州市工业园区张江路13号,137501,2023-11-03 01:10:00,2023-11-03 01:10:00
200000788,CN,江苏省,苏州市,虎丘区,江苏省苏州市虎丘区张江路438号,156085,2023-12-06 06:47:00,2023-12-06 06:47:00
200000789,CN,上海市,上海市,徐汇区,上海市上海市徐汇区张江路896号,665042,2024-03-08 11:09:00,2024-03-08 11:09:00
200000790,CN,广东省,深圳市,宝安区,广东省深圳市宝安区人民路728号,364905,2025-10-02 15:52:00,2025-10-02 15:52:00
200000791,CN,上海市,上海市,浦东新区,上海市上海市浦东新区建国路172号,252783,2025-11-26 22:08:00,2025-11-26 22:08:00
200000792,CN,上海市,上海市,徐汇区,上海市上海市徐汇区创新大道733号,504995,2025-11-26 23:25:00,2025-11-26 23:25:00
200000793,CN,上海市,上海市,徐汇区,上海市上海市徐汇区星湖街200号,430156,2025-05-18 10:05:00,2025-05-18 10:05:00
200000794,CN,广东省,深圳市,福田区,广东省深圳市福田区人民路996号,800912,2025-02-24 10:43:00,2025-02-24 10:43:00
200000795,CN,上海市,上海市,徐汇区,上海市上海市徐汇区科技南一道377号,910555,2024-09-01 17:33:00,2024-09-01 17:33:00
200000796,CN,上海市,上海市,徐汇区,上海市上海市徐汇区文一西路484号,654842,2024-05-01 02:19:00,2024-05-01 02:19:00
200000797,CN,江苏省,苏州市,虎丘区,江苏省苏州市虎丘区星湖街390号,115406,2025-05-25 21:25:00,2025-05-25 21:25:00
200000798,CN,浙江省,杭州市,余杭区,浙江省杭州市余杭区文一西路555号,805664,2024-01-04 03:25:00,2024-01-04 03:25:00
200000799,CN,浙江省,杭州市,余杭区,浙江省杭州市余杭区高新南七道698号,407912,2025-03-14 08:07:00,2025-03-14 08:07:00
200000800,CN,浙江省,杭州市,西湖区,浙江省杭州市西湖区高新南七道420号,388472,2026-02-04 09:50:00,2026-02-04 09:50:00
200000801,CN,浙江省,杭州市,余杭区,浙江省杭州市余杭区星湖街430号,176009,2025-02-25 06:01:00,2025-02-25 06:01:00
200000802,CN,广东省,深圳市,宝安区,广东省深圳市宝安区科技南一道762号,480347,2025-08-10 09:57:00,2025-08-10 09:57:00
200000803,CN,江苏省,苏州市,工业园区,江苏省苏州市工业园区星湖街817号,695053,2024-10-12 09:34:00,2024-10-12 09:34:00
200000804,CN,上海市,上海市,浦东新区,上海市上海市浦东新区建国路924号,907940,2024-03-18 21:58:00,2024-03-18 21:58:00
200000805,CN,浙江省,杭州市,滨江区,浙江省杭州市滨江区星湖街431号,655682,2026-01-28 11:05:00,2026-01-28 11:05:00
200000806,CN,江苏省,苏州市,虎丘区,江苏省苏州市虎丘区星湖街554号,149736,2025-04-26 13:57:00,2025-04-26 13:57:00
200000807,CN,江苏省,苏州市,虎丘区,江苏省苏州市虎丘区文一西路44号,617351,2024-06-24 01:41:00,2024-06-24 01:41:00
200000808,CN,浙江省,杭州市,余杭区,浙江省杭州市余杭区科技南一道416号,851919,2024-07-03 12:02:00,2024-07-03 12:02:00
200000809,CN,广东省,深圳市,南山区,广东省深圳市南山区高新南七道114号,453643,2025-08-23 00:01:00,2025-08-23 00:01:00
200000810,CN,江苏省,苏州市,吴中区,江苏省苏州市吴中区高新南七道660号,129412,2025-08-06 02:12:00,2025-08-06 02:12:00
200000811,CN,北京市,北京市,朝阳区,北京市北京市朝阳区张江路66号,175506,2024-09-21 14:20:00,2024-09-21 14:20:00
200000812,CN,广东省,深圳市,福田区,广东省深圳市福田区人民路966号,964286,2024-09-16 22:56:00,2024-09-16 22:56:00
200000813,CN,江苏省,苏州市,工业园区,江苏省苏州市工业园区科技南一道3号,511702,2024-11-13 09:36:00,2024-11-13 09:36:00
200000814,CN,江苏省,苏州市,工业园区,江苏省苏州市工业园区科技南一道643号,295842,2024-05-22 05:16:00,2024-05-22 05:16:00
200000815,CN,上海市,上海市,徐汇区,上海市上海市徐汇区人民路523号,365580,2025-07-25 23:51:00,2025-07-25 23:51:00
200000816,CN,浙江省,杭州市,余杭区,浙江省杭州市余杭区星湖街608号,872744,2024-07-31 10:41:00,2024-07-31 10:41:00
200000817,CN,北京市,北京市,朝阳区,北京市北京市朝阳区星湖街2号,566529,2025-12-03 21:09:00,2025-12-03 21:09:00
200000818,CN,上海市,上海市,浦东新区,上海市上海市浦东新区人民路109号,910342,2025-12-06 07:33:00,2025-12-06 07:33:00
200000819,CN,江苏省,苏州市,工业园区,江苏省苏州市工业园区创新大道548号,902777,2023-12-24 01:22:00,2023-12-24 01:22:00
200000820,CN,北京市,北京市,朝阳区,北京市北京市朝阳区科技南一道56号,286260,2024-09-12 17:21:00,2024-09-12 17:21:00
200000821,CN,江苏省,苏州市,吴中区,江苏省苏州市吴中区建国路718号,110703,2024-05-10 19:13:00,2024-05-10 19:13:00
200000822,CN,广东省,深圳市,南山区,广东省深圳市南山区文一西路428号,451760,2026-02-10 10:44:00,2026-02-10 10:44:00
200000823,CN,浙江省,杭州市,西湖区,浙江省杭州市西湖区文一西路426号,815795,2023-12-19 02:13:00,2023-12-19 02:13:00
200000824,CN,浙江省,杭州市,余杭区,浙江省杭州市余杭区文一西路821号,312886,2025-11-29 10:29:00,2025-11-29 10:29:00
200000825,CN,北京市,北京市,海淀区,北京市北京市海淀区高新南七道62号,417924,2024-08-12 14:11:00,2024-08-12 14:11:00
200000826,CN,上海市,上海市,闵行区,上海市上海市闵行区星湖街465号,298991,2025-11-18 18:36:00,2025-11-18 18:36:00
200000827,CN,上海市,上海市,徐汇区,上海市上海市徐汇区科技南一道547号,870653,2024-11-11 04:17:00,2024-11-11 04:17:00
200000828,CN,江苏省,苏州市,虎丘区,江苏省苏州市虎丘区星湖街911号,483394,2024-05-17 22:37:00,2024-05-17 22:37:00
200000829,CN,江苏省,苏州市,虎丘区,江苏省苏州市虎丘区创新大道798号,863116,2025-02-24 01:24:00,2025-02-24 01:24:00
200000830,CN,江苏省,苏州市,虎丘区,江苏省苏州市虎丘区人民路954号,863503,2024-07-30 07:36:00,2024-07-30 07:36:00
200000831,CN,北京市,北京市,丰台区,北京市北京市丰台区星湖街331号,924733,2025-03-15 05:36:00,2025-03-15 05:36:00
200000832,CN,江苏省,苏州市,工业园区,江苏省苏州市工业园区张江路667号,670909,2024-08-10 17:45:00,2024-08-10 17:45:00
200000833,CN,江苏省,苏州市,工业园区,江苏省苏州市工业园区星湖街955号,226088,2026-01-08 12:14:00,2026-01-08 12:14:00
200000834,CN,浙江省,杭州市,西湖区,浙江省杭州市西湖区星湖街891号,779587,2023-12-16 02:59:00,2023-12-16 02:59:00
200000835,CN,江苏省,苏州市,工业园区,江苏省苏州市工业园区科技南一道948号,900264,2024-06-24 01:38:00,2024-06-24 01:38:00
200000836,CN,北京市,北京市,丰台区,北京市北京市丰台区建国路123号,546087,2026-03-03 04:41:00,2026-03-03 04:41:00
200000837,CN,浙江省,杭州市,西湖区,浙江省杭州市西湖区科技南一道616号,776200,2025-09-21 05:14:00,2025-09-21 05:14:00
200000838,CN,浙江省,杭州市,余杭区,浙江省杭州市余杭区张江路373号,994292,2024-11-30 01:16:00,2024-11-30 01:16:00
200000839,CN,上海市,上海市,闵行区,上海市上海市闵行区文一西路783号,630229,2023-12-25 18:07:00,2023-12-25 18:07:00
200000840,CN,北京市,北京市,丰台区,北京市北京市丰台区人民路946号,841816,2024-02-09 15:26:00,2024-02-09 15:26:00
200000841,CN,江苏省,苏州市,虎丘区,江苏省苏州市虎丘区星湖街355号,687426,2024-05-13 00:24:00,2024-05-13 00:24:00
200000842,CN,浙江省,杭州市,余杭区,浙江省杭州市余杭区文一西路545号,158114,2025-06-25 11:17:00,2025-06-25 11:17:00
200000843,CN,北京市,北京市,朝阳区,北京市北京市朝阳区人民路677号,160116,2024-10-26 14:18:00,2024-10-26 14:18:00
200000844,CN,江苏省,苏州市,工业园区,江苏省苏州市工业园区文一西路580号,903657,2024-05-10 13:39:00,2024-05-10 13:39:00
200000845,CN,浙江省,杭州市,滨江区,浙江省杭州市滨江区星湖街683号,115633,2026-01-17 04:05:00,2026-01-17 04:05:00
200000846,CN,北京市,北京市,海淀区,北京市北京市海淀区科技南一道580号,648635,2024-11-30 17:56:00,2024-11-30 17:56:00
200000847,CN,浙江省,杭州市,西湖区,浙江省杭州市西湖区建国路964号,761614,2024-04-28 05:03:00,2024-04-28 05:03:00
200000848,CN,广东省,深圳市,宝安区,广东省深圳市宝安区文一西路361号,983073,2026-03-06 12:29:00,2026-03-06 12:29:00
200000849,CN,上海市,上海市,闵行区,上海市上海市闵行区创新大道946号,424544,2025-12-29 10:08:00,2025-12-29 10:08:00
200000850,CN,江苏省,苏州市,吴中区,江苏省苏州市吴中区人民路632号,295529,2024-12-10 09:55:00,2024-12-10 09:55:00
200000851,CN,北京市,北京市,丰台区,北京市北京市丰台区建国路437号,414268,2025-08-02 21:06:00,2025-08-02 21:06:00
200000852,CN,江苏省,苏州市,吴中区,江苏省苏州市吴中区文一西路406号,697043,2024-07-21 05:45:00,2024-07-21 05:45:00
200000853,CN,江苏省,苏州市,吴中区,江苏省苏州市吴中区人民路132号,734848,2024-03-20 08:14:00,2024-03-20 08:14:00
200000854,CN,上海市,上海市,闵行区,上海市上海市闵行区建国路294号,760914,2024-04-03 10:37:00,2024-04-03 10:37:00
200000855,CN,江苏省,苏州市,工业园区,江苏省苏州市工业园区星湖街798号,220375,2025-09-03 00:05:00,2025-09-03 00:05:00
200000856,CN,广东省,深圳市,福田区,广东省深圳市福田区高新南七道566号,412837,2025-09-18 15:16:00,2025-09-18 15:16:00
200000857,CN,浙江省,杭州市,滨江区,浙江省杭州市滨江区创新大道300号,292006,2025-07-02 10:47:00,2025-07-02 10:47:00
200000858,CN,上海市,上海市,浦东新区,上海市上海市浦东新区星湖街908号,943807,2024-05-30 21:19:00,2024-05-30 21:19:00
200000859,CN,浙江省,杭州市,滨江区,浙江省杭州市滨江区高新南七道748号,890512,2024-02-13 18:48:00,2024-02-13 18:48:00
200000860,CN,广东省,深圳市,宝安区,广东省深圳市宝安区文一西路687号,548555,2024-01-18 09:37:00,2024-01-18 09:37:00
200000861,CN,浙江省,杭州市,余杭区,浙江省杭州市余杭区张江路836号,611323,2025-10-07 16:59:00,2025-10-07 16:59:00
200000862,CN,江苏省,苏州市,工业园区,江苏省苏州市工业园区创新大道834号,857294,2025-01-31 15:18:00,2025-01-31 15:18:00
200000863,CN,上海市,上海市,浦东新区,上海市上海市浦东新区创新大道158号,926927,2024-05-06 08:20:00,2024-05-06 08:20:00
200000864,CN,浙江省,杭州市,滨江区,浙江省杭州市滨江区文一西路814号,295356,2025-12-18 19:55:00,2025-12-18 19:55:00
200000865,CN,浙江省,杭州市,西湖区,浙江省杭州市西湖区星湖街361号,208599,2024-08-06 04:21:00,2024-08-06 04:21:00
200000866,CN,江苏省,苏州市,虎丘区,江苏省苏州市虎丘区星湖街148号,218475,2025-03-11 18:36:00,2025-03-11 18:36:00
200000867,CN,上海市,上海市,闵行区,上海市上海市闵行区高新南七道13号,384124,2024-12-10 23:09:00,2024-12-10 23:09:00
200000868,CN,上海市,上海市,徐汇区,上海市上海市徐汇区高新南七道425号,344497,2025-06-29 18:32:00,2025-06-29 18:32:00
200000869,CN,上海市,上海市,徐汇区,上海市上海市徐汇区星湖街155号,721311,2025-06-11 20:56:00,2025-06-11 20:56:00
200000870,CN,浙江省,杭州市,余杭区,浙江省杭州市余杭区人民路387号,179689,2025-04-21 02:44:00,2025-04-21 02:44:00
200000871,CN,浙江省,杭州市,余杭区,浙江省杭州市余杭区星湖街801号,179974,2025-03-14 00:42:00,2025-03-14 00:42:00
200000872,CN,广东省,深圳市,福田区,广东省深圳市福田区张江路313号,886512,2025-11-14 03:00:00,2025-11-14 03:00:00
200000873,CN,广东省,深圳市,宝安区,广东省深圳市宝安区人民路742号,235582,2025-08-20 14:18:00,2025-08-20 14:18:00
200000874,CN,北京市,北京市,丰台区,北京市北京市丰台区文一西路93号,593941,2023-10-29 04:32:00,2023-10-29 04:32:00
200000875,CN,浙江省,杭州市,西湖区,浙江省杭州市西湖区星湖街553号,453014,2025-09-13 06:35:00,2025-09-13 06:35:00
200000876,CN,上海市,上海市,徐汇区,上海市上海市徐汇区科技南一道62号,573014,2025-02-16 06:16:00,2025-02-16 06:16:00
200000877,CN,广东省,深圳市,宝安区,广东省深圳市宝安区高新南七道651号,219584,2024-06-22 06:02:00,2024-06-22 06:02:00
200000878,CN,浙江省,杭州市,余杭区,浙江省杭州市余杭区建国路358号,295910,2024-12-13 00:22:00,2024-12-13 00:22:00
200000879,CN,上海市,上海市,徐汇区,上海市上海市徐汇区文一西路877号,785967,2023-12-19 15:45:00,2023-12-19 15:45:00
200000880,CN,浙江省,杭州市,西湖区,浙江省杭州市西湖区科技南一道734号,961833,2024-03-11 19:16:00,2024-03-11 19:16:00
200000881,CN,上海市,上海市,闵行区,上海市上海市闵行区人民路644号,767378,2026-03-21 09:13:00,2026-03-21 09:13:00
200000882,CN,广东省,深圳市,宝安区,广东省深圳市宝安区创新大道315号,819324,2024-05-03 08:44:00,2024-05-03 08:44:00
200000883,CN,上海市,上海市,徐汇区,上海市上海市徐汇区文一西路390号,407198,2024-01-25 05:26:00,2024-01-25 05:26:00
200000884,CN,北京市,北京市,朝阳区,北京市北京市朝阳区人民路410号,403959,2024-09-10 04:03:00,2024-09-10 04:03:00
200000885,CN,上海市,上海市,徐汇区,上海市上海市徐汇区建国路634号,723907,2024-03-06 08:44:00,2024-03-06 08:44:00
200000886,CN,北京市,北京市,朝阳区,北京市北京市朝阳区高新南七道661号,313181,2026-03-13 12:36:00,2026-03-13 12:36:00
200000887,CN,广东省,深圳市,南山区,广东省深圳市南山区文一西路647号,886558,2025-09-03 10:37:00,2025-09-03 10:37:00
200000888,CN,北京市,北京市,海淀区,北京市北京市海淀区星湖街309号,140495,2025-03-09 19:10:00,2025-03-09 19:10:00
200000889,CN,江苏省,苏州市,虎丘区,江苏省苏州市虎丘区科技南一道265号,623138,2025-05-20 08:03:00,2025-05-20 08:03:00
200000890,CN,江苏省,苏州市,虎丘区,江苏省苏州市虎丘区高新南七道224号,206564,2025-10-11 01:07:00,2025-10-11 01:07:00
200000891,CN,江苏省,苏州市,吴中区,江苏省苏州市吴中区建国路633号,463336,2024-09-07 13:15:00,2024-09-07 13:15:00
200000892,CN,北京市,北京市,朝阳区,北京市北京市朝阳区科技南一道345号,154762,2024-10-05 03:57:00,2024-10-05 03:57:00
200000893,CN,上海市,上海市,闵行区,上海市上海市闵行区创新大道205号,372585,2025-06-07 04:47:00,2025-06-07 04:47:00
200000894,CN,上海市,上海市,闵行区,上海市上海市闵行区星湖街832号,683864,2026-01-20 12:10:00,2026-01-20 12:10:00
200000895,CN,上海市,上海市,浦东新区,上海市上海市浦东新区文一西路525号,691947,2023-10-28 20:38:00,2023-10-28 20:38:00
200000896,CN,北京市,北京市,朝阳区,北京市北京市朝阳区张江路910号,494338,2024-06-24 10:44:00,2024-06-24 10:44:00
200000897,CN,北京市,北京市,丰台区,北京市北京市丰台区张江路927号,401454,2025-10-07 03:42:00,2025-10-07 03:42:00
200000898,CN,上海市,上海市,浦东新区,上海市上海市浦东新区星湖街147号,174928,2025-01-03 00:23:00,2025-01-03 00:23:00
200000899,CN,江苏省,苏州市,工业园区,江苏省苏州市工业园区人民路509号,897493,2023-10-18 18:27:00,2023-10-18 18:27:00
200000900,CN,北京市,北京市,丰台区,北京市北京市丰台区文一西路282号,452908,2024-08-17 23:04:00,2024-08-17 23:04:00
200000901,CN,上海市,上海市,浦东新区,上海市上海市浦东新区创新大道985号,885385,2026-03-18 02:40:00,2026-03-18 02:40:00
200000902,CN,江苏省,苏州市,虎丘区,江苏省苏州市虎丘区文一西路250号,858652,2025-01-18 22:24:00,2025-01-18 22:24:00
200000903,CN,上海市,上海市,闵行区,上海市上海市闵行区建国路389号,894323,2025-02-12 19:02:00,2025-02-12 19:02:00
200000904,CN,江苏省,苏州市,虎丘区,江苏省苏州市虎丘区建国路89号,782268,2025-04-22 11:08:00,2025-04-22 11:08:00
200000905,CN,广东省,深圳市,南山区,广东省深圳市南山区人民路785号,781738,2025-03-08 11:00:00,2025-03-08 11:00:00
200000906,CN,江苏省,苏州市,虎丘区,江苏省苏州市虎丘区张江路44号,491438,2025-11-23 22:48:00,2025-11-23 22:48:00
200000907,CN,上海市,上海市,浦东新区,上海市上海市浦东新区高新南七道814号,321684,2026-03-08 05:34:00,2026-03-08 05:34:00
200000908,CN,江苏省,苏州市,工业园区,江苏省苏州市工业园区建国路852号,971820,2024-02-04 13:26:00,2024-02-04 13:26:00
200000909,CN,浙江省,杭州市,西湖区,浙江省杭州市西湖区文一西路520号,617385,2025-09-01 06:30:00,2025-09-01 06:30:00
200000910,CN,江苏省,苏州市,工业园区,江苏省苏州市工业园区人民路993号,124318,2025-09-21 06:52:00,2025-09-21 06:52:00
200000911,CN,江苏省,苏州市,工业园区,江苏省苏州市工业园区科技南一道58号,841632,2024-04-23 08:16:00,2024-04-23 08:16:00
200000912,CN,广东省,深圳市,宝安区,广东省深圳市宝安区创新大道155号,880569,2025-02-24 15:05:00,2025-02-24 15:05:00
200000913,CN,上海市,上海市,浦东新区,上海市上海市浦东新区科技南一道198号,420317,2025-03-04 07:33:00,2025-03-04 07:33:00
200000914,CN,北京市,北京市,丰台区,北京市北京市丰台区星湖街72号,698989,2025-03-26 17:34:00,2025-03-26 17:34:00
200000915,CN,北京市,北京市,朝阳区,北京市北京市朝阳区建国路771号,916518,2026-02-23 03:32:00,2026-02-23 03:32:00
200000916,CN,江苏省,苏州市,吴中区,江苏省苏州市吴中区人民路812号,217309,2024-11-08 20:24:00,2024-11-08 20:24:00
200000917,CN,北京市,北京市,朝阳区,北京市北京市朝阳区星湖街351号,289880,2025-08-23 05:43:00,2025-08-23 05:43:00
200000918,CN,浙江省,杭州市,滨江区,浙江省杭州市滨江区人民路81号,783195,2024-12-09 04:08:00,2024-12-09 04:08:00
200000919,CN,上海市,上海市,闵行区,上海市上海市闵行区张江路751号,736118,2023-12-30 06:04:00,2023-12-30 06:04:00
200000920,CN,浙江省,杭州市,滨江区,浙江省杭州市滨江区文一西路579号,214856,2024-08-22 22:29:00,2024-08-22 22:29:00
200000921,CN,江苏省,苏州市,吴中区,江苏省苏州市吴中区人民路277号,570860,2026-02-18 07:50:00,2026-02-18 07:50:00
200000922,CN,广东省,深圳市,南山区,广东省深圳市南山区建国路3号,163920,2026-03-09 23:25:00,2026-03-09 23:25:00
200000923,CN,广东省,深圳市,南山区,广东省深圳市南山区文一西路394号,695294,2024-02-18 00:20:00,2024-02-18 00:20:00
200000924,CN,上海市,上海市,浦东新区,上海市上海市浦东新区人民路492号,370546,2025-02-26 16:58:00,2025-02-26 16:58:00
200000925,CN,江苏省,苏州市,吴中区,江苏省苏州市吴中区张江路338号,625597,2025-11-06 05:09:00,2025-11-06 05:09:00
200000926,CN,江苏省,苏州市,虎丘区,江苏省苏州市虎丘区张江路884号,524067,2025-01-12 09:51:00,2025-01-12 09:51:00
200000927,CN,江苏省,苏州市,工业园区,江苏省苏州市工业园区星湖街985号,510079,2025-11-06 22:27:00,2025-11-06 22:27:00
200000928,CN,广东省,深圳市,南山区,广东省深圳市南山区文一西路791号,687216,2025-11-08 06:16:00,2025-11-08 06:16:00
200000929,CN,广东省,深圳市,福田区,广东省深圳市福田区人民路419号,124674,2026-02-03 21:52:00,2026-02-03 21:52:00
200000930,CN,江苏省,苏州市,工业园区,江苏省苏州市工业园区创新大道754号,550240,2025-01-09 13:46:00,2025-01-09 13:46:00
200000931,CN,江苏省,苏州市,工业园区,江苏省苏州市工业园区科技南一道375号,623470,2024-03-24 00:09:00,2024-03-24 00:09:00
200000932,CN,浙江省,杭州市,滨江区,浙江省杭州市滨江区创新大道4号,634131,2025-02-22 10:15:00,2025-02-22 10:15:00
200000933,CN,北京市,北京市,朝阳区,北京市北京市朝阳区星湖街593号,163008,2024-06-14 17:37:00,2024-06-14 17:37:00
200000934,CN,北京市,北京市,丰台区,北京市北京市丰台区星湖街971号,215828,2025-10-27 21:39:00,2025-10-27 21:39:00
200000935,CN,上海市,上海市,闵行区,上海市上海市闵行区建国路560号,677168,2026-01-07 07:51:00,2026-01-07 07:51:00
200000936,CN,上海市,上海市,浦东新区,上海市上海市浦东新区人民路415号,372284,2023-10-26 23:38:00,2023-10-26 23:38:00
200000937,CN,上海市,上海市,闵行区,上海市上海市闵行区科技南一道844号,351361,2024-11-07 19:54:00,2024-11-07 19:54:00
200000938,CN,广东省,深圳市,南山区,广东省深圳市南山区张江路942号,597909,2023-12-19 20:45:00,2023-12-19 20:45:00
200000939,CN,上海市,上海市,徐汇区,上海市上海市徐汇区张江路866号,767033,2024-12-08 07:39:00,2024-12-08 07:39:00
200000940,CN,北京市,北京市,朝阳区,北京市北京市朝阳区创新大道614号,897392,2026-02-01 01:46:00,2026-02-01 01:46:00
200000941,CN,广东省,深圳市,宝安区,广东省深圳市宝安区建国路497号,455307,2023-11-24 16:58:00,2023-11-24 16:58:00
200000942,CN,浙江省,杭州市,余杭区,浙江省杭州市余杭区人民路988号,295268,2025-10-15 20:35:00,2025-10-15 20:35:00
200000943,CN,江苏省,苏州市,吴中区,江苏省苏州市吴中区星湖街92号,437488,2026-02-02 00:53:00,2026-02-02 00:53:00
200000944,CN,浙江省,杭州市,西湖区,浙江省杭州市西湖区星湖街296号,668149,2023-11-06 14:28:00,2023-11-06 14:28:00
200000945,CN,江苏省,苏州市,吴中区,江苏省苏州市吴中区人民路716号,404927,2025-02-10 01:10:00,2025-02-10 01:10:00
200000946,CN,上海市,上海市,闵行区,上海市上海市闵行区文一西路328号,595408,2025-07-21 06:39:00,2025-07-21 06:39:00
200000947,CN,浙江省,杭州市,滨江区,浙江省杭州市滨江区科技南一道781号,804062,2023-12-20 04:31:00,2023-12-20 04:31:00
200000948,CN,北京市,北京市,朝阳区,北京市北京市朝阳区科技南一道847号,624330,2024-12-11 20:37:00,2024-12-11 20:37:00
200000949,CN,广东省,深圳市,福田区,广东省深圳市福田区高新南七道723号,581316,2024-05-12 18:36:00,2024-05-12 18:36:00
200000950,CN,广东省,深圳市,福田区,广东省深圳市福田区人民路700号,316923,2025-11-03 08:56:00,2025-11-03 08:56:00
200000951,CN,广东省,深圳市,福田区,广东省深圳市福田区人民路606号,812427,2025-08-03 18:57:00,2025-08-03 18:57:00
200000952,CN,广东省,深圳市,福田区,广东省深圳市福田区建国路699号,788115,2024-03-05 13:34:00,2024-03-05 13:34:00
200000953,CN,北京市,北京市,丰台区,北京市北京市丰台区星湖街467号,864037,2025-08-31 18:57:00,2025-08-31 18:57:00
200000954,CN,江苏省,苏州市,工业园区,江苏省苏州市工业园区高新南七道117号,402986,2025-06-29 06:35:00,2025-06-29 06:35:00
200000955,CN,江苏省,苏州市,工业园区,江苏省苏州市工业园区人民路276号,619522,2023-12-03 21:57:00,2023-12-03 21:57:00
200000956,CN,浙江省,杭州市,滨江区,浙江省杭州市滨江区创新大道188号,366134,2025-06-17 11:24:00,2025-06-17 11:24:00
200000957,CN,上海市,上海市,徐汇区,上海市上海市徐汇区高新南七道112号,832829,2024-07-20 16:13:00,2024-07-20 16:13:00
200000958,CN,北京市,北京市,丰台区,北京市北京市丰台区人民路464号,514326,2024-06-07 13:08:00,2024-06-07 13:08:00
200000959,CN,北京市,北京市,丰台区,北京市北京市丰台区创新大道373号,890141,2025-02-01 23:50:00,2025-02-01 23:50:00
200000960,CN,上海市,上海市,浦东新区,上海市上海市浦东新区建国路178号,264497,2025-04-08 17:45:00,2025-04-08 17:45:00
200000961,CN,广东省,深圳市,南山区,广东省深圳市南山区人民路595号,628790,2023-12-19 06:09:00,2023-12-19 06:09:00
200000962,CN,上海市,上海市,徐汇区,上海市上海市徐汇区建国路126号,232461,2023-11-30 15:12:00,2023-11-30 15:12:00
200000963,CN,北京市,北京市,海淀区,北京市北京市海淀区高新南七道285号,267827,2026-01-22 23:36:00,2026-01-22 23:36:00
200000964,CN,北京市,北京市,朝阳区,北京市北京市朝阳区人民路876号,387382,2024-12-01 13:51:00,2024-12-01 13:51:00
200000965,CN,浙江省,杭州市,滨江区,浙江省杭州市滨江区科技南一道196号,274289,2024-04-07 20:56:00,2024-04-07 20:56:00
200000966,CN,北京市,北京市,丰台区,北京市北京市丰台区星湖街268号,588780,2024-07-19 19:37:00,2024-07-19 19:37:00
200000967,CN,北京市,北京市,海淀区,北京市北京市海淀区科技南一道442号,616643,2024-06-19 11:07:00,2024-06-19 11:07:00
200000968,CN,北京市,北京市,海淀区,北京市北京市海淀区科技南一道905号,645013,2025-04-23 03:28:00,2025-04-23 03:28:00
200000969,CN,上海市,上海市,浦东新区,上海市上海市浦东新区高新南七道313号,327233,2023-10-30 03:05:00,2023-10-30 03:05:00
200000970,CN,上海市,上海市,闵行区,上海市上海市闵行区建国路604号,897420,2025-07-16 18:19:00,2025-07-16 18:19:00
200000971,CN,北京市,北京市,海淀区,北京市北京市海淀区科技南一道269号,971412,2025-04-14 22:23:00,2025-04-14 22:23:00
200000972,CN,浙江省,杭州市,余杭区,浙江省杭州市余杭区张江路857号,586204,2025-12-25 21:23:00,2025-12-25 21:23:00
200000973,CN,北京市,北京市,海淀区,北京市北京市海淀区建国路726号,651259,2024-03-30 13:00:00,2024-03-30 13:00:00
200000974,CN,上海市,上海市,闵行区,上海市上海市闵行区张江路730号,197678,2025-01-09 14:52:00,2025-01-09 14:52:00
200000975,CN,浙江省,杭州市,滨江区,浙江省杭州市滨江区张江路185号,753971,2026-02-12 15:04:00,2026-02-12 15:04:00
200000976,CN,广东省,深圳市,南山区,广东省深圳市南山区张江路574号,329840,2024-12-30 14:43:00,2024-12-30 14:43:00
200000977,CN,江苏省,苏州市,吴中区,江苏省苏州市吴中区高新南七道764号,336343,2025-03-08 19:34:00,2025-03-08 19:34:00
200000978,CN,江苏省,苏州市,工业园区,江苏省苏州市工业园区文一西路401号,861384,2025-06-18 16:40:00,2025-06-18 16:40:00
200000979,CN,上海市,上海市,闵行区,上海市上海市闵行区张江路218号,579237,2026-02-06 11:14:00,2026-02-06 11:14:00
200000980,CN,上海市,上海市,徐汇区,上海市上海市徐汇区科技南一道961号,162715,2025-10-29 09:30:00,2025-10-29 09:30:00
200000981,CN,广东省,深圳市,南山区,广东省深圳市南山区建国路455号,379979,2025-01-19 05:28:00,2025-01-19 05:28:00
200000982,CN,北京市,北京市,丰台区,北京市北京市丰台区张江路795号,185230,2024-07-09 23:11:00,2024-07-09 23:11:00
200000983,CN,江苏省,苏州市,吴中区,江苏省苏州市吴中区高新南七道869号,122971,2023-11-17 02:20:00,2023-11-17 02:20:00
200000984,CN,浙江省,杭州市,余杭区,浙江省杭州市余杭区文一西路412号,900069,2025-10-15 05:01:00,2025-10-15 05:01:00
200000985,CN,江苏省,苏州市,工业园区,江苏省苏州市工业园区建国路475号,194830,2024-12-17 00:02:00,2024-12-17 00:02:00
200000986,CN,上海市,上海市,徐汇区,上海市上海市徐汇区科技南一道116号,395988,2025-03-28 05:21:00,2025-03-28 05:21:00
200000987,CN,上海市,上海市,徐汇区,上海市上海市徐汇区张江路675号,924547,2025-07-22 22:16:00,2025-07-22 22:16:00
200000988,CN,江苏省,苏州市,吴中区,江苏省苏州市吴中区星湖街923号,991207,2024-05-30 07:55:00,2024-05-30 07:55:00
200000989,CN,广东省,深圳市,福田区,广东省深圳市福田区星湖街412号,257519,2024-10-05 18:22:00,2024-10-05 18:22:00
200000990,CN,广东省,深圳市,南山区,广东省深圳市南山区人民路553号,102288,2025-01-21 05:17:00,2025-01-21 05:17:00
200000991,CN,北京市,北京市,朝阳区,北京市北京市朝阳区张江路288号,382406,2025-08-19 13:09:00,2025-08-19 13:09:00
200000992,CN,上海市,上海市,浦东新区,上海市上海市浦东新区文一西路962号,263798,2025-08-14 09:37:00,2025-08-14 09:37:00
200000993,CN,江苏省,苏州市,工业园区,江苏省苏州市工业园区高新南七道364号,333104,2024-04-14 10:44:00,2024-04-14 10:44:00
200000994,CN,江苏省,苏州市,虎丘区,江苏省苏州市虎丘区人民路421号,259666,2025-09-09 19:46:00,2025-09-09 19:46:00
200000995,CN,江苏省,苏州市,工业园区,江苏省苏州市工业园区人民路189号,273838,2025-02-03 05:21:00,2025-02-03 05:21:00
200000996,CN,上海市,上海市,徐汇区,上海市上海市徐汇区创新大道886号,519238,2024-09-07 07:31:00,2024-09-07 07:31:00
200000997,CN,上海市,上海市,徐汇区,上海市上海市徐汇区建国路783号,728611,2026-01-03 19:52:00,2026-01-03 19:52:00
200000998,CN,上海市,上海市,浦东新区,上海市上海市浦东新区建国路308号,223950,2026-03-13 17:27:00,2026-03-13 17:27:00
200000999,CN,广东省,深圳市,福田区,广东省深圳市福田区星湖街57号,643781,2025-09-24 16:39:00,2025-09-24 16:39:00
200001000,CN,浙江省,杭州市,余杭区,浙江省杭州市余杭区文一西路486号,790887,2025-03-22 16:20:00,2025-03-22 16:20:00
