src,dst
300000001,600000001
300000002,600000002
300000003,600000003
300000004,600000004
300000005,600000005
300000006,600000006
300000007,600000007
300000008,600000008
300000009,600000009
300000010,600000010
300000011,600000011
300000012,600000012
300000013,600000013
300000014,600000014
300000015,600000015
300000016,600000016
300000017,600000017
300000018,600000018
300000019,600000019
300000020,600000020
300000021,600000021
300000022,600000022
300000023,600000023
300000024,600000024
300000025,600000025
300000026,600000026
300000027,600000027
300000028,600000028
300000029,600000029
300000030,600000030
300000031,600000031
300000032,600000032
300000033,600000033
300000034,600000034
300000035,600000035
300000036,600000036
300000037,600000037
300000038,600000038
300000039,600000039
300000040,600000040
300000041,600000041
300000042,600000042
300000043,600000043
300000044,600000044
300000045,600000045
300000046,600000046
300000047,600000047
300000048,600000048
300000049,600000049
300000050,600000050
300000051,600000051
300000052,600000052
300000053,600000053
300000054,600000054
300000055,600000055
300000056,600000056
300000057,600000057
300000058,600000058
300000059,600000059
300000060,600000060
300000061,600000061
300000062,600000062
300000063,600000063
300000064,600000064
300000065,600000065
300000066,600000066
300000067,600000067
300000068,600000068
300000069,600000069
300000070,600000070
300000071,600000071
300000072,600000072
300000073,600000073
300000074,600000074
300000075,600000075
300000076,600000076
300000077,600000077
300000078,600000078
300000079,600000079
300000080,600000080
300000081,600000081
300000082,600000082
300000083,600000083
300000084,600000084
300000085,600000085
300000086,600000086
300000087,600000087
300000088,600000088
300000089,600000089
300000090,600000090
300000091,600000091
300000092,600000092
300000093,600000093
300000094,600000094
300000095,600000095
300000096,600000096
300000097,600000097
300000098,600000098
300000099,600000099
300000100,600000100
300000101,600000101
300000102,600000102
300000103,600000103
300000104,600000104
300000105,600000105
300000106,600000106
300000107,600000107
300000108,600000108
300000109,600000109
300000110,600000110
300000111,600000111
300000112,600000112
300000113,600000113
300000114,600000114
300000115,600000115
300000116,600000116
300000117,600000117
300000118,600000118
300000119,600000119
300000120,600000120
300000121,600000121
300000122,600000122
300000123,600000123
300000124,600000124
300000125,600000125
300000126,600000126
300000127,600000127
300000128,600000128
300000129,600000129
300000130,600000130
300000131,600000131
300000132,600000132
300000133,600000133
300000134,600000134
300000135,600000135
300000136,600000136
300000137,600000137
300000138,600000138
300000139,600000139
300000140,600000140
300000141,600000141
300000142,600000142
300000143,600000143
300000144,600000144
300000145,600000145
300000146,600000146
300000147,600000147
300000148,600000148
300000149,600000149
300000150,600000150
300000151,600000151
300000152,600000152
300000153,600000153
300000154,600000154
300000155,600000155
300000156,600000156
300000157,600000157
300000158,600000158
300000159,600000159
300000160,600000160
300000161,600000161
300000162,600000162
300000163,600000163
300000164,600000164
300000165,600000165
300000166,600000166
300000167,600000167
300000168,600000168
300000169,600000169
300000170,600000170
300000171,600000171
300000172,600000172
300000173,600000173
300000174,600000174
300000175,600000175
300000176,600000176
300000177,600000177
300000178,600000178
300000179,600000179
300000180,600000180
300000181,600000181
300000182,600000182
300000183,600000183
300000184,600000184
300000185,600000185
300000186,600000186
300000187,600000187
300000188,600000188
300000189,600000189
300000190,600000190
300000191,600000191
300000192,600000192
300000193,600000193
300000194,600000194
300000195,600000195
300000196,600000196
300000197,600000197
300000198,600000198
300000199,600000199
300000200,600000200
300000201,600000201
300000202,600000202
300000203,600000203
300000204,600000204
300000205,600000205
300000206,600000206
300000207,600000207
300000208,600000208
300000209,600000209
300000210,600000210
300000211,600000211
300000212,600000212
300000213,600000213
300000214,600000214
300000215,600000215
300000216,600000216
300000217,600000217
300000218,600000218
300000219,600000219
300000220,600000220
300000221,600000221
300000222,600000222
300000223,600000223
300000224,600000224
300000225,600000225
300000226,600000226
300000227,600000227
300000228,600000228
300000229,600000229
300000230,600000230
300000231,600000231
300000232,600000232
300000233,600000233
300000234,600000234
300000235,600000235
300000236,600000236
300000237,600000237
300000238,600000238
300000239,600000239
300000240,600000240
300000241,600000241
300000242,600000242
300000243,600000243
300000244,600000244
300000245,600000245
300000246,600000246
300000247,600000247
300000248,600000248
300000249,600000249
300000250,600000250
300000251,600000251
300000252,600000252
300000253,600000253
300000254,600000254
300000255,600000255
300000256,600000256
300000257,600000257
300000258,600000258
300000259,600000259
300000260,600000260
300000261,600000261
300000262,600000262
300000263,600000263
300000264,600000264
300000265,600000265
300000266,600000266
300000267,600000267
300000268,600000268
300000269,600000269
300000270,600000270
300000271,600000271
300000272,600000272
300000273,600000273
300000274,600000274
300000275,600000275
300000276,600000276
300000277,600000277
300000278,600000278
300000279,600000279
300000280,600000280
300000281,600000281
300000282,600000282
300000283,600000283
300000284,600000284
300000285,600000285
300000286,600000286
300000287,600000287
300000288,600000288
300000289,600000289
300000290,600000290
300000291,600000291
300000292,600000292
300000293,600000293
300000294,600000294
300000295,600000295
300000296,600000296
300000297,600000297
300000298,600000298
300000299,600000299
300000300,600000300
300000301,600000301
300000302,600000302
300000303,600000303
300000304,600000304
300000305,600000305
300000306,600000306
300000307,600000307
300000308,600000308
300000309,600000309
300000310,600000310
300000311,600000311
300000312,600000312
300000313,600000313
300000314,600000314
300000315,600000315
300000316,600000316
300000317,600000317
300000318,600000318
300000319,600000319
300000320,600000320
300000321,600000321
300000322,600000322
300000323,600000323
300000324,600000324
300000325,600000325
300000326,600000326
300000327,600000327
300000328,600000328
300000329,600000329
300000330,600000330
300000331,600000331
300000332,600000332
300000333,600000333
300000334,600000334
300000335,600000335
300000336,600000336
300000337,600000337
300000338,600000338
300000339,600000339
300000340,600000340
300000341,600000341
300000342,600000342
300000343,600000343
300000344,600000344
300000345,600000345
300000346,600000346
300000347,600000347
300000348,600000348
300000349,600000349
300000350,600000350
300000351,600000351
300000352,600000352
300000353,600000353
300000354,600000354
300000355,600000355
300000356,600000356
300000357,600000357
300000358,600000358
300000359,600000359
300000360,600000360
300000361,600000361
300000362,600000362
300000363,600000363
300000364,600000364
300000365,600000365
300000366,600000366
300000367,600000367
300000368,600000368
300000369,600000369
300000370,600000370
300000371,600000371
300000372,600000372
300000373,600000373
300000374,600000374
300000375,600000375
300000376,600000376
300000377,600000377
300000378,600000378
300000379,600000379
300000380,600000380
300000381,600000381
300000382,600000382
300000383,600000383
300000384,600000384
300000385,600000385
300000386,600000386
300000387,600000387
300000388,600000388
300000389,600000389
300000390,600000390
300000391,600000391
300000392,600000392
300000393,600000393
300000394,600000394
300000395,600000395
300000396,600000396
300000397,600000397
300000398,600000398
300000399,600000399
300000400,600000400
300000401,600000401
300000402,600000402
300000403,600000403
300000404,600000404
300000405,600000405
300000406,600000406
300000407,600000407
300000408,600000408
300000409,600000409
300000410,600000410
300000411,600000411
300000412,600000412
300000413,600000413
300000414,600000414
300000415,600000415
300000416,600000416
300000417,600000417
300000418,600000418
300000419,600000419
300000420,600000420
300000421,600000421
300000422,600000422
300000423,600000423
300000424,600000424
300000425,600000425
300000426,600000426
300000427,600000427
300000428,600000428
300000429,600000429
300000430,600000430
300000431,600000431
300000432,600000432
300000433,600000433
300000434,600000434
300000435,600000435
300000436,600000436
300000437,600000437
300000438,600000438
300000439,600000439
300000440,600000440
300000441,600000441
300000442,600000442
300000443,600000443
300000444,600000444
300000445,600000445
300000446,600000446
300000447,600000447
300000448,600000448
300000449,600000449
300000450,600000450
300000451,600000451
300000452,600000452
300000453,600000453
300000454,600000454
300000455,600000455
300000456,600000456
300000457,600000457
300000458,600000458
300000459,600000459
300000460,600000460
300000461,600000461
300000462,600000462
300000463,600000463
300000464,600000464
300000465,600000465
300000466,600000466
300000467,600000467
300000468,600000468
300000469,600000469
300000470,600000470
300000471,600000471
300000472,600000472
300000473,600000473
300000474,600000474
300000475,600000475
300000476,600000476
300000477,600000477
300000478,600000478
300000479,600000479
300000480,600000480
300000481,600000481
300000482,600000482
300000483,600000483
300000484,600000484
300000485,600000485
300000486,600000486
300000487,600000487
300000488,600000488
300000489,600000489
300000490,600000490
300000491,600000491
300000492,600000492
300000493,600000493
300000494,600000494
300000495,600000495
300000496,600000496
300000497,600000497
300000498,600000498
300000499,600000499
300000500,600000500
300000501,600000501
300000502,600000502
300000503,600000503
300000504,600000504
300000505,600000505
300000506,600000506
300000507,600000507
300000508,600000508
300000509,600000509
300000510,600000510
300000511,600000511
300000512,600000512
300000513,600000513
300000514,600000514
300000515,600000515
300000516,600000516
300000517,600000517
300000518,600000518
300000519,600000519
300000520,600000520
300000521,600000521
300000522,600000522
300000523,600000523
300000524,600000524
300000525,600000525
300000526,600000526
300000527,600000527
300000528,600000528
300000529,600000529
300000530,600000530
300000531,600000531
300000532,600000532
300000533,600000533
300000534,600000534
300000535,600000535
300000536,600000536
300000537,600000537
300000538,600000538
300000539,600000539
300000540,600000540
300000541,600000541
300000542,600000542
300000543,600000543
300000544,600000544
300000545,600000545
300000546,600000546
300000547,600000547
300000548,600000548
300000549,600000549
300000550,600000550
300000551,600000551
300000552,600000552
300000553,600000553
300000554,600000554
300000555,600000555
300000556,600000556
300000557,600000557
300000558,600000558
300000559,600000559
300000560,600000560
300000561,600000561
300000562,600000562
300000563,600000563
300000564,600000564
300000565,600000565
300000566,600000566
300000567,600000567
300000568,600000568
300000569,600000569
300000570,600000570
300000571,600000571
300000572,600000572
300000573,600000573
300000574,600000574
300000575,600000575
300000576,600000576
300000577,600000577
300000578,600000578
300000579,600000579
300000580,600000580
300000581,600000581
300000582,600000582
300000583,600000583
300000584,600000584
300000585,600000585
300000586,600000586
300000587,600000587
300000588,600000588
300000589,600000589
300000590,600000590
300000591,600000591
300000592,600000592
300000593,600000593
300000594,600000594
300000595,600000595
300000596,600000596
300000597,600000597
300000598,600000598
300000599,600000599
300000600,600000600
300000601,600000601
300000602,600000602
300000603,600000603
300000604,600000604
300000605,600000605
300000606,600000606
300000607,600000607
300000608,600000608
300000609,600000609
300000610,600000610
300000611,600000611
300000612,600000612
300000613,600000613
300000614,600000614
300000615,600000615
300000616,600000616
300000617,600000617
300000618,600000618
300000619,600000619
300000620,600000620
300000621,600000621
300000622,600000622
300000623,600000623
300000624,600000624
300000625,600000625
300000626,600000626
300000627,600000627
300000628,600000628
300000629,600000629
300000630,600000630
300000631,600000631
300000632,600000632
300000633,600000633
300000634,600000634
300000635,600000635
300000636,600000636
300000637,600000637
300000638,600000638
300000639,600000639
300000640,600000640
300000641,600000641
300000642,600000642
300000643,600000643
300000644,600000644
300000645,600000645
300000646,600000646
300000647,600000647
300000648,600000648
300000649,600000649
300000650,600000650
300000651,600000651
300000652,600000652
300000653,600000653
300000654,600000654
300000655,600000655
300000656,600000656
300000657,600000657
300000658,600000658
300000659,600000659
300000660,600000660
300000661,600000661
300000662,600000662
300000663,600000663
300000664,600000664
300000665,600000665
300000666,600000666
300000667,600000667
300000668,600000668
300000669,600000669
300000670,600000670
300000671,600000671
300000672,600000672
300000673,600000673
300000674,600000674
300000675,600000675
300000676,600000676
300000677,600000677
300000678,600000678
300000679,600000679
300000680,600000680
300000681,600000681
300000682,600000682
300000683,600000683
300000684,600000684
300000685,600000685
300000686,600000686
300000687,600000687
300000688,600000688
300000689,600000689
300000690,600000690
300000691,600000691
300000692,600000692
300000693,600000693
300000694,600000694
300000695,600000695
300000696,600000696
300000697,600000697
300000698,600000698
300000699,600000699
300000700,600000700
300000701,600000701
300000702,600000702
300000703,600000703
300000704,600000704
300000705,600000705
300000706,600000706
300000707,600000707
300000708,600000708
300000709,600000709
300000710,600000710
300000711,600000711
300000712,600000712
300000713,600000713
300000714,600000714
300000715,600000715
300000716,600000716
300000717,600000717
300000718,600000718
300000719,600000719
300000720,600000720
300000721,600000721
300000722,600000722
300000723,600000723
300000724,600000724
300000725,600000725
300000726,600000726
300000727,600000727
300000728,600000728
300000729,600000729
300000730,600000730
300000731,600000731
300000732,600000732
300000733,600000733
300000734,600000734
300000735,600000735
300000736,600000736
300000737,600000737
300000738,600000738
300000739,600000739
300000740,600000740
300000741,600000741
300000742,600000742
300000743,600000743
300000744,600000744
300000745,600000745
300000746,600000746
300000747,600000747
300000748,600000748
300000749,600000749
300000750,600000750
300000751,600000751
300000752,600000752
300000753,600000753
300000754,600000754
300000755,600000755
300000756,600000756
300000757,600000757
300000758,600000758
300000759,600000759
300000760,600000760
300000761,600000761
300000762,600000762
300000763,600000763
300000764,600000764
300000765,600000765
300000766,600000766
300000767,600000767
300000768,600000768
300000769,600000769
300000770,600000770
300000771,600000771
300000772,600000772
300000773,600000773
300000774,600000774
300000775,600000775
300000776,600000776
300000777,600000777
300000778,600000778
300000779,600000779
300000780,600000780
300000781,600000781
300000782,600000782
300000783,600000783
300000784,600000784
300000785,600000785
300000786,600000786
300000787,600000787
300000788,600000788
300000789,600000789
300000790,600000790
300000791,600000791
300000792,600000792
300000793,600000793
300000794,600000794
300000795,600000795
300000796,600000796
300000797,600000797
300000798,600000798
300000799,600000799
300000800,600000800
300000801,600000801
300000802,600000802
300000803,600000803
300000804,600000804
300000805,600000805
300000806,600000806
300000807,600000807
300000808,600000808
300000809,600000809
300000810,600000810
300000811,600000811
300000812,600000812
300000813,600000813
300000814,600000814
300000815,600000815
300000816,600000816
300000817,600000817
300000818,600000818
300000819,600000819
300000820,600000820
300000821,600000821
300000822,600000822
300000823,600000823
300000824,600000824
300000825,600000825
300000826,600000826
300000827,600000827
300000828,600000828
300000829,600000829
300000830,600000830
300000831,600000831
300000832,600000832
300000833,600000833
300000834,600000834
300000835,600000835
300000836,600000836
300000837,600000837
300000838,600000838
300000839,600000839
300000840,600000840
300000841,600000841
300000842,600000842
300000843,600000843
300000844,600000844
300000845,600000845
300000846,600000846
300000847,600000847
300000848,600000848
300000849,600000849
300000850,600000850
300000851,600000851
300000852,600000852
300000853,600000853
300000854,600000854
300000855,600000855
300000856,600000856
300000857,600000857
300000858,600000858
300000859,600000859
300000860,600000860
300000861,600000861
300000862,600000862
300000863,600000863
300000864,600000864
300000865,600000865
300000866,600000866
300000867,600000867
300000868,600000868
300000869,600000869
300000870,600000870
300000871,600000871
300000872,600000872
300000873,600000873
300000874,600000874
300000875,600000875
300000876,600000876
300000877,600000877
300000878,600000878
300000879,600000879
300000880,600000880
300000881,600000881
300000882,600000882
300000883,600000883
300000884,600000884
300000885,600000885
300000886,600000886
300000887,600000887
300000888,600000888
300000889,600000889
300000890,600000890
300000891,600000891
300000892,600000892
300000893,600000893
300000894,600000894
300000895,600000895
300000896,600000896
300000897,600000897
300000898,600000898
300000899,600000899
300000900,600000900
300000901,600000901
300000902,600000902
300000903,600000903
300000904,600000904
300000905,600000905
300000906,600000906
300000907,600000907
300000908,600000908
300000909,600000909
300000910,600000910
300000911,600000911
300000912,600000912
300000913,600000913
300000914,600000914
300000915,600000915
300000916,600000916
300000917,600000917
300000918,600000918
300000919,600000919
300000920,600000920
300000921,600000921
300000922,600000922
300000923,600000923
300000924,600000924
300000925,600000925
300000926,600000926
300000927,600000927
300000928,600000928
300000929,600000929
300000930,600000930
300000931,600000931
300000932,600000932
300000933,600000933
300000934,600000934
300000935,600000935
300000936,600000936
300000937,600000937
300000938,600000938
300000939,600000939
300000940,600000940
300000941,600000941
300000942,600000942
300000943,600000943
300000944,600000944
300000945,600000945
300000946,600000946
300000947,600000947
300000948,600000948
300000949,600000949
300000950,600000950
300000951,600000951
300000952,600000952
300000953,600000953
300000954,600000954
300000955,600000955
300000956,600000956
300000957,600000957
300000958,600000958
300000959,600000959
300000960,600000960
300000961,600000961
300000962,600000962
300000963,600000963
300000964,600000964
300000965,600000965
300000966,600000966
300000967,600000967
300000968,600000968
300000969,600000969
300000970,600000970
300000971,600000971
300000972,600000972
300000973,600000973
300000974,600000974
300000975,600000975
300000976,600000976
300000977,600000977
300000978,600000978
300000979,600000979
300000980,600000980
300000981,600000981
300000982,600000982
300000983,600000983
300000984,600000984
300000985,600000985
300000986,600000986
300000987,600000987
300000988,600000988
300000989,600000989
300000990,600000990
300000991,600000991
300000992,600000992
300000993,600000993
300000994,600000994
300000995,600000995
300000996,600000996
300000997,600000997
300000998,600000998
300000999,600000999
300001000,600001000
